t_utc,fut,ndx_d1,ndx_d2,ndx_zero_rombo,d1_absM,d2_absM,netVol_M,libro
2026-10-08T22:00:04Z,31024.25,30941.83,31041.83,31023.19,318,128,-1137,vol
2026-10-08T22:00:45Z,31022.0,30941.83,31041.83,31023.2,319,128,-1168,vol
2026-10-08T22:00:52Z,31023.0,30941.83,31041.83,31023.19,319,128,-1154,vol
2026-10-08T22:01:03Z,31019.5,30941.83,31041.83,31018.92,320,128,-1203,vol
2026-10-08T22:02:15Z,31012.75,30941.83,31041.83,31014.34,323,128,-1296,vol
2026-10-08T22:02:43Z,31005.5,30941.83,31041.83,31000.55,325,127,-1393,vol
2026-10-09T01:30:54Z,30996.75,30941.83,31041.83,31000.55,356,137,-1700,vol
2026-10-09T01:31:57Z,30995.0,30941.83,31041.83,31000.56,357,137,-1726,vol
2026-10-09T01:32:13Z,30989.25,30941.83,30891.83,31000.56,359,161,-1806,vol
2026-10-09T01:36:09Z,31003.25,30941.83,31041.83,31000.55,354,139,-1612,vol
2026-10-09T01:37:13Z,31008.0,30941.83,31041.83,31014.34,352,139,-1544,vol
2026-10-09T01:38:17Z,31014.75,30941.83,31041.83,31014.34,349,140,-1445,vol
2026-10-09T01:39:22Z,31013.25,30941.83,31041.83,31014.34,350,140,-1469,vol
2026-10-09T01:40:22Z,31012.75,30941.83,31041.83,31014.34,351,140,-1477,vol
2026-10-09T01:41:14Z,31021.75,30941.83,31041.83,31023.2,346,141,-1342,vol
2026-10-09T01:41:29Z,31027.0,30941.83,31041.83,31023.19,344,141,-1262,vol
2026-10-09T01:41:56Z,31038.25,30941.83,31041.83,31050.72,337,141,-1085,vol
2026-10-09T01:42:12Z,31036.5,30941.83,31041.83,31023.2,338,141,-1113,vol
2026-10-09T01:42:23Z,31040.0,30941.83,31041.83,31050.72,336,141,-1058,vol
2026-10-09T01:42:28Z,31044.75,31041.83,31031.83,31050.72,141,118,-981,vol
2026-10-09T01:43:11Z,31041.0,30941.83,31041.83,31050.72,336,141,-1042,vol
2026-10-09T01:43:16Z,31042.25,31041.83,31031.83,31050.72,141,118,-1022,vol
2026-10-09T01:44:18Z,31046.75,31041.83,31031.83,31050.72,141,118,-950,vol
2026-10-09T01:45:18Z,31046.75,31041.83,31031.83,31050.72,141,118,-951,vol
2026-10-09T01:46:21Z,31052.25,31041.83,31031.83,31050.72,141,118,-861,vol
2026-10-09T01:46:33Z,31053.25,31041.83,31031.83,31050.71,141,118,-845,vol
2026-10-09T01:46:38Z,31062.0,31041.83,31031.83,31064.95,141,117,-699,vol
2026-10-09T01:46:49Z,31053.0,31041.83,31031.83,31050.72,141,118,-849,vol
2026-10-09T01:46:54Z,31054.75,31041.83,31031.83,31050.71,141,118,-820,vol
2026-10-09T01:46:59Z,31051.5,31041.83,31031.83,31050.72,141,118,-874,vol
2026-10-09T01:47:18Z,31055.25,31041.83,31031.83,31050.71,141,118,-812,vol
2026-10-09T01:47:20Z,31052.0,31041.83,31031.83,31050.72,141,118,-866,vol
2026-10-09T01:47:33Z,31053.25,31041.83,31031.83,31050.71,141,118,-846,vol
2026-10-09T01:47:39Z,31050.25,31041.83,31031.83,31050.72,141,118,-895,vol
2026-10-09T01:48:25Z,31055.5,31041.83,31031.83,31050.71,141,118,-809,vol
2026-10-09T01:48:47Z,31058.75,31041.83,31031.83,31064.95,141,118,-755,vol
2026-10-09T01:48:53Z,31053.0,31041.83,31031.83,31050.72,141,118,-851,vol
2026-10-09T01:49:26Z,31055.5,31041.83,31031.83,31050.71,141,118,-809,vol
2026-10-09T01:49:47Z,31052.5,31041.83,31031.83,31050.72,141,118,-859,vol
2026-10-09T01:50:23Z,31054.75,31041.83,31031.83,31050.71,141,118,-822,vol
2026-10-09T01:51:26Z,31055.0,31041.83,31031.83,31050.71,141,118,-819,vol
2026-10-09T01:51:54Z,31052.5,31041.83,31031.83,31050.72,142,118,-861,vol
2026-10-09T01:51:59Z,31055.5,31041.83,31031.83,31050.71,141,118,-811,vol
2026-10-09T01:52:28Z,31059.5,31041.83,31031.83,31064.95,141,118,-744,vol
2026-10-09T01:52:33Z,31057.75,31041.83,31031.83,31050.71,141,118,-774,vol
2026-10-09T01:52:39Z,31058.5,31041.83,31031.83,31064.95,141,118,-761,vol
2026-10-09T01:52:46Z,31057.0,31041.83,31031.83,31050.71,141,118,-786,vol
2026-10-09T01:52:50Z,31061.0,31041.83,31031.83,31064.95,141,118,-719,vol
2026-10-09T01:53:06Z,31053.25,31041.83,31031.83,31050.71,142,118,-849,vol
2026-10-09T01:53:35Z,31053.0,31041.83,31031.83,31050.72,142,118,-853,vol
2026-10-09T01:53:42Z,31053.5,31041.83,31031.83,31050.71,142,118,-845,vol
2026-10-09T01:53:53Z,31051.5,31041.83,31031.83,31050.72,142,119,-878,vol
2026-10-09T01:54:06Z,31054.5,31041.83,31031.83,31050.71,142,118,-829,vol
2026-10-09T01:54:30Z,31053.0,31041.83,31031.83,31050.72,142,119,-854,vol
2026-10-09T01:54:59Z,31054.5,31041.83,31031.83,31050.71,142,118,-829,vol
2026-10-09T01:55:47Z,31058.0,31041.83,31031.83,31064.95,142,118,-771,vol
2026-10-09T01:55:57Z,31057.75,31041.83,31031.83,31050.71,142,118,-776,vol
2026-10-09T01:56:06Z,31058.0,31041.83,31031.83,31064.95,142,118,-772,vol
2026-10-09T01:56:13Z,31057.5,31041.83,31031.83,31050.71,142,118,-780,vol
2026-10-09T01:56:29Z,31058.75,31041.83,31031.83,31064.95,142,118,-759,vol
2026-10-09T01:56:59Z,31056.5,31041.83,31031.83,31050.71,142,118,-797,vol
2026-10-09T01:57:06Z,31058.25,31041.83,31031.83,31064.95,142,118,-768,vol
2026-10-09T01:57:34Z,31057.0,31041.83,31031.83,31050.71,142,118,-789,vol
2026-10-09T01:57:57Z,31059.5,31041.83,31031.83,31064.95,142,118,-747,vol
2026-10-09T01:58:59Z,31062.5,31041.83,31031.83,31064.95,141,118,-697,vol
2026-10-09T02:00:01Z,31075.75,31041.83,31031.83,31081.75,140,117,-471,vol
2026-10-09T02:00:31Z,31068.25,31041.83,31031.83,31064.95,141,118,-600,vol
2026-10-09T02:01:37Z,31069.5,31041.83,31031.83,31064.95,141,118,-579,vol
2026-10-09T02:02:16Z,31076.25,31041.83,31031.83,31081.75,140,117,-463,vol
2026-10-09T02:02:54Z,31082.0,31041.83,31031.83,31081.93,140,116,-363,vol
2026-10-09T02:03:37Z,31079.75,31041.83,31031.83,31081.75,140,117,-403,vol
2026-10-09T02:03:56Z,31083.5,31041.83,31031.83,31081.93,139,116,-337,vol
2026-10-09T02:04:31Z,31081.75,31041.83,31031.83,31081.75,140,116,-368,vol
2026-10-09T02:04:46Z,31082.5,31041.83,31031.83,31081.93,140,116,-355,vol
2026-10-09T02:04:58Z,31080.5,31041.83,31031.83,31081.75,140,117,-390,vol
2026-10-09T02:06:02Z,31079.5,31041.83,31031.83,31081.75,140,117,-408,vol
2026-10-09T02:06:08Z,31082.0,31041.83,31031.83,31081.93,140,117,-364,vol
2026-10-09T02:06:29Z,31081.5,31041.83,31031.83,31081.75,140,117,-373,vol
2026-10-09T02:07:36Z,31073.5,31041.83,31031.83,31081.75,141,118,-513,vol
2026-10-09T02:08:01Z,31072.75,31041.83,31031.83,31064.95,141,118,-526,vol
2026-10-09T02:09:06Z,31072.0,31041.83,31031.83,31064.95,141,118,-540,vol
2026-10-09T02:10:10Z,31074.5,31041.83,31031.83,31081.75,141,118,-497,vol
2026-10-09T02:11:11Z,31075.75,31041.83,31031.83,31081.75,141,118,-476,vol
2026-10-09T02:12:12Z,31075.0,31041.83,31031.83,31081.75,141,118,-489,vol
2026-10-09T02:13:13Z,31075.25,31041.83,31031.83,31081.75,141,118,-485,vol
2026-10-09T02:14:08Z,31071.75,31041.83,31031.83,31064.95,142,118,-546,vol
2026-10-09T02:15:05Z,31057.75,31041.83,31031.83,31050.71,143,119,-787,vol
2026-10-09T02:15:11Z,31058.5,31041.83,31031.83,31064.95,143,119,-774,vol
2026-10-09T02:15:22Z,31057.25,31041.83,31031.83,31050.71,143,119,-795,vol
2026-10-09T02:15:44Z,31052.5,31041.83,31031.83,31050.72,143,120,-875,vol
2026-10-09T02:16:49Z,31050.0,31041.83,31031.83,31050.72,143,120,-918,vol
2026-10-09T02:16:54Z,31054.0,31041.83,31031.83,31050.71,143,120,-851,vol
2026-10-09T02:17:49Z,31062.0,31041.83,31031.83,31064.95,143,119,-716,vol
2026-10-09T02:18:50Z,31066.5,31041.83,31031.83,31064.95,142,119,-639,vol
2026-10-09T02:19:32Z,31073.5,31041.83,31031.83,31081.75,142,118,-518,vol
2026-10-09T02:20:01Z,31072.0,31041.83,31031.83,31064.95,142,118,-545,vol
2026-10-09T02:20:03Z,31073.5,31041.83,31031.83,31081.75,142,118,-519,vol
2026-10-09T02:20:09Z,31071.5,31041.83,31031.83,31064.95,142,118,-553,vol
2026-10-09T02:21:12Z,31065.75,31041.83,31031.83,31064.95,143,119,-653,vol
2026-10-09T02:22:14Z,31071.25,31041.83,31031.83,31064.95,142,119,-559,vol
2026-10-09T02:22:39Z,31074.0,31041.83,31031.83,31081.75,142,118,-511,vol
2026-10-09T02:23:02Z,31073.25,31041.83,31031.83,31064.95,142,118,-524,vol
2026-10-09T02:23:07Z,31075.25,31041.83,31031.83,31081.75,142,118,-489,vol
2026-10-09T02:23:18Z,31072.0,31041.83,31031.83,31064.95,142,119,-546,vol
2026-10-09T02:23:22Z,31073.5,31041.83,31031.83,31081.75,142,118,-520,vol
2026-10-09T02:23:28Z,31070.5,31041.83,31031.83,31064.95,142,119,-572,vol
2026-10-09T02:24:30Z,31070.0,31041.83,31031.83,31064.95,142,119,-582,vol
2026-10-09T02:25:34Z,31062.25,31041.83,31031.83,31064.95,143,120,-716,vol
2026-10-09T02:26:27Z,31076.5,31041.83,31031.83,31081.75,142,118,-469,vol
2026-10-09T02:27:29Z,31078.75,31041.83,31031.83,31081.75,142,118,-430,vol
2026-10-09T02:28:20Z,31084.0,31041.83,31031.83,31081.93,141,117,-337,vol
2026-10-09T02:28:52Z,31081.75,31041.83,31031.83,31081.75,141,118,-377,vol
2026-10-09T02:28:58Z,31082.75,31041.83,31031.83,31081.93,141,118,-359,vol
2026-10-09T02:29:32Z,31080.75,31041.83,31031.83,31081.75,141,118,-395,vol
2026-10-09T02:30:04Z,31082.0,31041.83,31031.83,31081.93,141,118,-373,vol
2026-10-09T02:30:10Z,31079.5,31041.83,31031.83,31081.75,142,118,-417,vol
2026-10-09T02:31:13Z,31077.5,31041.83,31031.83,31081.75,142,118,-453,vol
2026-10-09T02:32:19Z,31082.5,31041.83,31031.83,31081.93,141,118,-365,vol
2026-10-09T02:33:11Z,31081.0,31041.83,31031.83,31081.75,142,118,-392,vol
2026-10-09T02:33:29Z,31083.0,31041.83,31031.83,31081.93,141,118,-356,vol
2026-10-09T02:33:41Z,31081.75,31041.83,31031.83,31081.75,142,118,-379,vol
2026-10-09T02:34:47Z,31080.25,31041.83,31031.83,31081.75,142,118,-406,vol
2026-10-09T02:35:51Z,31080.75,31041.83,31031.83,31081.75,142,118,-397,vol
2026-10-09T02:35:57Z,31082.0,31041.83,31031.83,31081.93,142,118,-375,vol
2026-10-09T02:36:02Z,31080.5,31041.83,31031.83,31081.75,142,118,-402,vol
2026-10-09T02:36:07Z,31083.25,31041.83,31031.83,31081.93,142,118,-353,vol
2026-10-09T02:36:13Z,31080.25,31041.83,31031.83,31081.75,142,118,-406,vol
2026-10-09T02:37:16Z,31079.25,31041.83,31031.83,31081.75,142,119,-425,vol
2026-10-09T02:38:12Z,31073.25,31041.83,31031.83,31064.95,143,119,-531,vol
2026-10-09T02:39:17Z,31067.25,31041.83,31031.83,31064.95,144,120,-637,vol
2026-10-09T02:40:22Z,31065.25,31041.83,31031.83,31064.95,144,120,-672,vol
2026-10-09T02:41:26Z,31070.75,31041.83,31031.83,31064.95,144,120,-576,vol
2026-10-09T02:42:02Z,31073.5,31041.83,31031.83,31081.75,143,119,-528,vol
2026-10-09T02:42:14Z,31073.25,31041.83,31031.83,31064.95,143,119,-533,vol
2026-10-09T02:42:25Z,31076.0,31041.83,31031.83,31081.75,143,119,-484,vol
2026-10-09T02:43:30Z,31077.5,31041.83,31031.83,31081.75,143,119,-458,vol
2026-10-09T02:44:35Z,31078.75,31041.83,31031.83,31081.75,143,119,-436,vol
2026-10-09T02:45:37Z,31080.75,31041.83,31031.83,31081.75,143,119,-401,vol
2026-10-09T02:46:41Z,31079.0,31041.83,31031.83,31081.75,143,119,-433,vol
2026-10-09T02:47:46Z,31075.0,31041.83,31031.83,31081.75,143,120,-504,vol
2026-10-09T02:48:44Z,31082.75,31041.83,31031.83,31081.93,142,119,-366,vol
2026-10-09T02:49:12Z,31081.75,31041.83,31031.83,31081.75,143,119,-384,vol
2026-10-09T02:50:14Z,31078.25,31041.83,31031.83,31081.75,143,119,-448,vol
2026-10-09T02:51:20Z,31078.75,31041.83,31031.83,31081.75,143,119,-439,vol
2026-10-09T02:51:58Z,31071.0,31041.83,31031.83,31064.95,144,120,-577,vol
2026-10-09T02:53:03Z,31073.0,31041.83,31031.83,31064.95,144,120,-542,vol
2026-10-09T02:53:14Z,31073.5,31041.83,31031.83,31081.75,144,120,-533,vol
2026-10-09T02:53:20Z,31071.0,31041.83,31031.83,31064.95,144,120,-578,vol
2026-10-09T02:54:22Z,31073.5,31041.83,31031.83,31081.75,144,120,-534,vol
2026-10-09T02:54:28Z,31073.25,31041.83,31031.83,31064.95,144,120,-538,vol
2026-10-09T02:54:34Z,31074.25,31041.83,31031.83,31081.75,144,120,-521,vol
2026-10-09T02:55:38Z,31074.25,31041.83,31031.83,31081.75,144,120,-521,vol
2026-10-09T02:55:49Z,31073.0,31041.83,31031.83,31064.95,144,120,-543,vol
2026-10-09T02:55:56Z,31078.0,31041.83,31031.83,31081.75,144,120,-454,vol
2026-10-09T02:56:08Z,31083.0,31041.83,31031.83,31081.93,143,119,-364,vol
2026-10-09T02:56:19Z,31080.75,31041.83,31031.83,31081.75,143,119,-405,vol
2026-10-09T02:57:21Z,31080.25,31041.83,31031.83,31081.75,143,120,-414,vol
2026-10-09T02:57:45Z,31082.25,31041.83,31031.83,31081.93,143,119,-379,vol
2026-10-09T02:57:50Z,31081.25,31041.83,31031.83,31081.75,143,119,-397,vol
2026-10-09T02:58:52Z,31080.5,31041.83,31031.83,31081.75,143,120,-411,vol
2026-10-09T02:59:57Z,31081.5,31041.83,31031.83,31081.75,143,119,-393,vol
2026-10-09T03:00:02Z,31082.0,31041.83,31031.83,31081.93,143,119,-384,vol
2026-10-09T03:00:07Z,31081.75,31041.83,31031.83,31081.75,143,119,-389,vol
2026-10-09T03:01:07Z,31079.5,31041.83,31031.83,31081.75,144,120,-429,vol
2026-10-09T03:01:31Z,31082.0,31041.83,31031.83,31081.93,143,120,-385,vol
2026-10-09T03:01:44Z,31080.5,31041.83,31031.83,31081.75,144,120,-412,vol
2026-10-09T03:01:50Z,31082.75,31041.83,31031.83,31081.93,143,119,-371,vol
2026-10-09T03:02:01Z,31081.25,31041.83,31031.83,31081.75,144,120,-398,vol
2026-10-09T03:02:56Z,31073.0,31041.83,31031.83,31064.95,145,121,-547,vol
2026-10-09T03:03:58Z,31064.25,31041.83,31031.83,31064.95,146,122,-702,vol
2026-10-09T03:05:01Z,31070.0,31041.83,31031.83,31064.95,145,121,-601,vol
2026-10-09T03:06:07Z,31065.5,31041.83,31031.83,31064.95,146,122,-681,vol
2026-10-09T03:08:04Z,31058.0,31041.83,31031.83,31064.95,146,122,-813,vol
2026-10-09T03:08:49Z,31057.0,31041.83,31031.83,31050.71,147,122,-831,vol
2026-10-09T03:09:05Z,31052.0,31041.83,31031.83,31050.72,147,123,-918,vol
2026-10-09T03:09:25Z,31055.75,31041.83,31031.83,31050.71,147,123,-853,vol
2026-10-09T03:09:41Z,31050.0,31041.83,31031.83,31050.72,147,123,-952,vol
2026-10-09T03:10:41Z,31046.5,31041.83,31031.83,31050.72,147,123,-1013,vol
2026-10-09T03:11:41Z,31041.5,30941.83,31041.83,31050.72,347,147,-1098,vol
2026-10-09T03:11:53Z,31042.75,31041.83,31031.83,31050.72,147,123,-1077,vol
2026-10-09T03:12:58Z,31044.25,31041.83,31031.83,31050.72,147,123,-1052,vol
2026-10-09T03:14:00Z,31045.5,31041.83,31031.83,31050.72,147,123,-1032,vol
2026-10-09T03:15:04Z,31046.0,31041.83,31031.83,31050.72,148,123,-1024,vol
2026-10-09T03:15:58Z,31054.75,31041.83,31031.83,31050.71,147,123,-875,vol
2026-10-09T03:16:15Z,31051.75,31041.83,31031.83,31050.72,147,123,-927,vol
2026-10-09T03:16:33Z,31055.0,31041.83,31031.83,31050.71,147,123,-871,vol
2026-10-09T03:16:55Z,31058.5,31041.83,31031.83,31064.95,147,123,-810,vol
2026-10-09T03:17:19Z,31057.0,31041.83,31031.83,31050.71,147,123,-836,vol
2026-10-09T03:18:24Z,31055.0,31041.83,31031.83,31050.71,147,123,-872,vol
2026-10-09T03:18:41Z,31059.0,31041.83,31031.83,31064.95,147,123,-802,vol
2026-10-09T03:19:45Z,31066.5,31041.83,31031.83,31064.95,147,122,-671,vol
2026-10-09T03:20:35Z,31075.0,31041.83,31031.83,31081.75,146,121,-519,vol
2026-10-09T03:21:36Z,31081.0,31041.83,31031.83,31081.75,145,121,-410,vol
2026-10-09T03:21:41Z,31082.5,31041.83,31031.83,31081.93,145,121,-383,vol
2026-10-09T03:22:00Z,31080.0,31041.83,31031.83,31081.75,145,121,-429,vol
2026-10-09T03:23:00Z,31072.75,31041.83,31031.83,31064.95,146,122,-560,vol
2026-10-09T03:23:05Z,31073.75,31041.83,31031.83,31081.75,146,122,-542,vol
2026-10-09T03:23:23Z,31072.0,31041.83,31031.83,31064.95,146,122,-574,vol
2026-10-09T03:23:57Z,31074.25,31041.83,31031.83,31081.75,146,122,-534,vol
2026-10-09T03:25:01Z,31073.75,31041.83,31031.83,31081.75,146,122,-543,vol
2026-10-09T03:26:04Z,31078.25,31041.83,31031.83,31081.75,146,121,-462,vol
2026-10-09T03:26:59Z,31072.25,31041.83,31031.83,31064.95,147,122,-571,vol
2026-10-09T03:28:03Z,31071.75,31041.83,31031.83,31064.95,147,122,-581,vol
2026-10-09T03:28:26Z,31074.0,31041.83,31031.83,31081.75,146,122,-540,vol
2026-10-09T03:28:37Z,31072.0,31041.83,31031.83,31064.95,147,122,-577,vol
2026-10-09T03:29:26Z,31074.5,31041.83,31031.83,31081.75,146,122,-532,vol
2026-10-09T03:30:24Z,31072.5,31041.83,31031.83,31064.95,147,122,-568,vol
2026-10-09T03:30:37Z,31074.75,31041.83,31031.83,31081.75,146,122,-528,vol
2026-10-09T03:30:49Z,31071.5,31041.83,31031.83,31064.95,147,122,-587,vol
2026-10-09T03:31:18Z,31074.25,31041.83,31031.83,31081.75,147,122,-537,vol
2026-10-09T03:31:24Z,31073.25,31041.83,31031.83,31064.95,147,122,-555,vol
2026-10-09T03:31:59Z,31076.75,31041.83,31031.83,31081.75,146,122,-492,vol
2026-10-09T03:32:59Z,31072.5,31041.83,31031.83,31064.95,147,122,-570,vol
2026-10-09T03:34:03Z,31071.0,31041.83,31031.83,31064.95,147,123,-597,vol
2026-10-09T03:34:10Z,31074.75,31041.83,31031.83,31081.75,147,122,-529,vol
2026-10-09T03:35:14Z,31079.25,31041.83,31031.83,31081.75,146,122,-448,vol
2026-10-09T03:36:13Z,31082.5,31041.83,31031.83,31081.93,146,121,-388,vol
2026-10-09T03:37:17Z,31083.25,31041.83,31031.83,31081.93,146,121,-375,vol
2026-10-09T03:38:22Z,31085.75,31041.83,31031.83,31081.93,145,121,-329,vol
2026-10-09T03:38:33Z,31081.25,31041.83,31031.83,31081.75,146,122,-412,vol
2026-10-09T03:39:36Z,31081.25,31041.83,31031.83,31081.75,146,122,-413,vol
2026-10-09T03:40:44Z,31079.0,31041.83,31031.83,31081.75,147,122,-455,vol
2026-10-09T03:41:08Z,31083.0,31041.83,31031.83,31081.93,146,122,-381,vol
2026-10-09T03:41:14Z,31081.25,31041.83,31031.83,31081.75,146,122,-413,vol
2026-10-09T03:41:20Z,31083.0,31041.83,31031.83,31081.93,146,122,-381,vol
2026-10-09T03:41:37Z,31081.5,31041.83,31031.83,31081.75,146,122,-409,vol
2026-10-09T03:41:42Z,31082.75,31041.83,31031.83,31081.93,146,122,-386,vol
2026-10-09T03:42:48Z,31084.0,31041.83,31031.83,31081.93,146,122,-363,vol
2026-10-09T03:43:30Z,31091.25,31041.83,31031.83,31099.66,145,121,-228,vol
2026-10-09T03:43:42Z,31089.25,31041.83,31031.83,31081.93,145,121,-266,vol
2026-10-09T03:43:49Z,31091.75,31041.83,31031.83,31099.66,145,120,-219,vol
2026-10-09T03:44:38Z,31089.25,31041.83,31031.83,31081.93,145,121,-266,vol
2026-10-09T03:45:31Z,31091.0,31041.83,31031.83,31099.66,145,121,-233,vol
2026-10-09T03:45:37Z,31090.75,31041.83,31031.83,31081.93,145,121,-238,vol
2026-10-09T03:45:43Z,31091.0,31041.83,31031.83,31099.66,145,121,-234,vol
2026-10-09T03:46:03Z,31090.0,31041.83,31031.83,31081.93,145,121,-252,vol
2026-10-09T03:46:08Z,31091.25,31041.83,31031.83,31099.66,145,121,-229,vol
2026-10-09T03:46:13Z,31090.75,31041.83,31031.83,31081.93,145,121,-238,vol
2026-10-09T03:46:25Z,31091.0,31041.83,31031.83,31099.66,145,121,-234,vol
2026-10-09T03:46:33Z,31090.25,31041.83,31031.83,31081.93,145,121,-248,vol
2026-10-09T03:46:51Z,31092.0,31041.83,31031.83,31099.66,145,121,-215,vol
