i,t_llegada,noche,pista,raya,tipo,resultado,censurada,motivo,t_decision,min_a_decision,pinchazo_max,precision,precision_abs,cierres_mas_alla,falso_rompimiento,nombres,etiquetas,recorrido,recorrido_desde_punta,recorrido_tramo,t_mfe,min_a_mfe,fin_recorrido,recorrido_censurado,t_rerotura,opuesta,dist_opuesta,llega_opuesta,t_llega_opuesta
3,2026-09-13 22:13:00,2026-09-14,1,29305.28,techo,rota,False,cierre mas alla de +5 con cuerpo 15.75,2026-09-13 22:14:00,1,12.47,12.47,12.47,1,False,"['dom0', 'dom1']",['QQQ706'],,,,,,,,,,,,
6,2026-09-13 22:16:00,2026-09-14,1,29305.28,piso,sostenido,False,giro de 15 pts,2026-09-13 22:19:00,3,3.03,3.03,3.03,0,True,"['dom0', 'dom1']",['QQQ706'],85.97,89.00,85.97,2026-09-13 22:37:00,21.00,re-rotura,False,2026-09-14 00:26:00,29346.79,41.51,True,2026-09-13 22:26:00
16,2026-09-13 22:26:00,2026-09-14,0,29346.79,techo,rota,False,cierre mas alla de +5 con cuerpo 7.00,2026-09-13 22:28:00,2,13.71,13.71,13.71,3,False,"['dom0', 'dom1']",['QQQ707'],,,,,,,,,,,,
50,2026-09-13 23:00:00,2026-09-14,0,29346.79,piso,sostenido,False,giro de 15 pts,2026-09-13 23:01:00,1,-1.71,-1.71,1.71,0,False,"['dom0', 'dom1']",['QQQ707'],43.46,43.46,17.71,2026-09-13 23:30:00,30.00,re-rotura,False,2026-09-13 23:37:00,,,,
54,2026-09-13 23:04:00,2026-09-14,0,29346.79,piso,sostenido,False,giro de 15 pts,2026-09-13 23:23:00,19,2.04,2.04,2.04,0,True,"['dom0', 'dom1']",['QQQ707'],43.46,45.50,43.46,2026-09-13 23:30:00,26.00,re-rotura,False,2026-09-13 23:37:00,,,,
85,2026-09-13 23:35:00,2026-09-14,0,29346.79,piso,rota,False,cierre mas alla de +5 con cuerpo 16.75,2026-09-13 23:37:00,2,16.04,16.04,16.04,1,False,"['dom0', 'dom1']",['QQQ707'],,,,,,,,,,,,
99,2026-09-13 23:49:00,2026-09-14,1,29305.28,piso,sostenido,False,giro de 15 pts,2026-09-13 23:52:00,3,4.78,4.78,4.78,1,True,"['dom0', 'dom1']",['QQQ706'],60.22,65.00,22.47,2026-09-14 00:08:00,19.00,re-rotura,False,2026-09-14 00:26:00,29346.79,41.51,True,2026-09-14 00:05:00
106,2026-09-13 23:56:00,2026-09-14,1,29305.28,piso,sostenido,False,giro de 15 pts,2026-09-14 00:01:00,5,5.53,5.53,5.53,2,True,"['dom0', 'dom1']",['QQQ706'],60.22,65.75,60.22,2026-09-14 00:08:00,12.00,re-rotura,False,2026-09-14 00:26:00,29346.79,41.51,True,2026-09-14 00:05:00
115,2026-09-14 00:05:00,2026-09-14,0,29346.79,techo,rota,False,cierre mas alla de +5 con cuerpo 10.00,2026-09-14 00:06:00,1,7.21,7.21,7.21,1,False,"['dom0', 'dom1']",['QQQ707'],,,,,,,,,,,,
120,2026-09-14 00:10:00,2026-09-14,0,29346.79,piso,rota,False,cierre mas alla de +5 con cuerpo 6.50,2026-09-14 00:16:00,6,18.79,18.79,18.79,2,False,"['dom0', 'dom1']",['QQQ707'],,,,,,,,,,,,
128,2026-09-14 00:18:00,2026-09-14,0,29346.79,techo,sostenido,False,giro de 15 pts,2026-09-14 00:20:00,2,1.71,1.71,1.71,0,False,"['dom0', 'dom1']",['QQQ707'],60.04,61.75,60.04,2026-09-14 01:01:00,43.00,re-rotura,False,2026-09-14 01:57:00,29305.28,41.51,True,2026-09-14 00:26:00
136,2026-09-14 00:26:00,2026-09-14,1,29305.28,piso,rota,False,cierre mas alla de +5 con cuerpo 13.25,2026-09-14 00:26:00,0,9.78,9.78,9.78,1,False,"['dom0', 'dom1']",['QQQ706'],,,,,,,,,,,,
148,2026-09-14 00:38:00,2026-09-14,1,29305.28,piso,sostenido,False,giro de 15 pts,2026-09-14 00:44:00,6,7.53,7.53,7.53,0,True,"['dom0', 'dom1']",['QQQ706'],30.22,37.75,30.22,2026-09-14 00:45:00,7.00,re-rotura,False,2026-09-14 01:01:00,29346.79,41.51,False,
168,2026-09-14 00:58:00,2026-09-14,1,29305.28,piso,rota,False,3 cierres seguidos mas alla,2026-09-14 01:01:00,3,18.53,18.53,18.53,3,False,"['dom0', 'dom1']",['QQQ706'],,,,,,,,,,,,
172,2026-09-14 01:02:00,2026-09-14,1,29305.28,techo,rota,False,cierre mas alla de +5 con cuerpo 7.25,2026-09-14 01:03:00,1,16.47,16.47,16.47,2,False,"['dom0', 'dom1']",['QQQ706'],,,,,,,,,,,,
175,2026-09-14 01:05:00,2026-09-14,1,29305.28,piso,sostenido,False,giro de 15 pts,2026-09-14 01:09:00,4,1.03,1.03,1.03,0,False,"['dom0', 'dom1']",['QQQ706'],23.97,25.00,23.97,2026-09-14 01:11:00,6.00,re-rotura,False,2026-09-14 01:15:00,29346.79,41.51,False,
182,2026-09-14 01:12:00,2026-09-14,1,29305.28,piso,rota,False,3 cierres seguidos mas alla,2026-09-14 01:15:00,3,7.28,7.28,7.28,3,False,"['dom0', 'dom1']",['QQQ706'],,,,,,,,,,,,
196,2026-09-14 01:26:00,2026-09-14,1,29305.28,techo,rota,False,3 cierres seguidos mas alla,2026-09-14 01:29:00,3,7.72,7.72,7.72,3,False,"['dom0', 'dom1']",['QQQ706'],,,,,,,,,,,,
205,2026-09-14 01:35:00,2026-09-14,1,29305.28,techo,rota,False,3 cierres seguidos mas alla,2026-09-14 01:37:00,2,11.97,11.97,11.97,3,False,"['dom0', 'dom1']",['QQQ706'],,,,,,,,,,,,
226,2026-09-14 01:56:00,2026-09-14,0,29346.79,techo,rota,False,cierre mas alla de +5 con cuerpo 11.00,2026-09-14 01:57:00,1,16.71,16.71,16.71,2,False,"['dom0', 'dom1']",['QQQ707'],,,,,,,,,,,,
266,2026-09-14 02:36:00,2026-09-14,0,29346.79,piso,rota,False,3 cierres seguidos mas alla,2026-09-14 02:43:00,7,12.54,12.54,12.54,3,False,"['dom0', 'dom1']",['QQQ707'],,,,,,,,,,,,
289,2026-09-14 02:59:00,2026-09-14,0,29346.79,piso,rota,False,cierre mas alla de +5 con cuerpo 6.75,2026-09-14 03:10:00,11,8.04,8.04,8.04,4,False,"['dom0', 'dom1']",['QQQ707'],,,,,,,,,,,,
307,2026-09-14 03:17:00,2026-09-14,1,29305.28,piso,sostenido,False,giro de 15 pts,2026-09-14 03:22:00,5,1.78,1.78,1.78,0,False,"['dom0', 'dom1']",['QQQ706'],25.47,27.25,20.97,2026-09-14 04:07:00,50.00,re-rotura,False,2026-09-14 04:33:00,29346.79,41.51,False,
321,2026-09-14 03:31:00,2026-09-14,1,29305.28,piso,sostenido,False,giro de 15 pts,2026-09-14 04:01:00,30,0.28,0.28,0.28,0,False,"['dom0', 'dom1']",['QQQ706'],25.47,25.75,25.47,2026-09-14 04:07:00,36.00,re-rotura,False,2026-09-14 04:33:00,29346.79,41.51,False,
361,2026-09-14 04:11:00,2026-09-14,1,29305.28,piso,rota,False,3 cierres seguidos mas alla,2026-09-14 04:33:00,22,9.03,9.03,9.03,5,False,"['dom0', 'dom1']",['QQQ706'],,,,,,,,,,,,
393,2026-09-14 04:43:00,2026-09-14,1,29305.28,piso,sostenido,False,giro de 15 pts,2026-09-14 04:49:00,6,4.53,4.53,4.53,1,True,"['dom0', 'dom1']",['QQQ706'],24.97,29.50,24.97,2026-09-14 04:50:00,7.00,re-rotura,False,2026-09-14 05:18:00,29346.79,41.51,False,
407,2026-09-14 04:57:00,2026-09-14,1,29305.28,piso,sostenido,False,giro de 15 pts,2026-09-14 05:06:00,9,0.78,0.78,0.78,0,False,"['dom0', 'dom1']",['QQQ706'],15.97,16.75,15.97,2026-09-14 05:07:00,10.00,re-rotura,False,2026-09-14 05:18:00,29346.79,41.51,False,
421,2026-09-14 05:11:00,2026-09-14,1,29305.28,piso,rota,False,3 cierres seguidos mas alla,2026-09-14 05:18:00,7,4.78,4.78,4.78,3,False,"['dom0', 'dom1']",['QQQ706'],,,,,,,,,,,,
433,2026-09-14 05:23:00,2026-09-14,1,29305.28,techo,rota,False,cierre mas alla de +5 con cuerpo 6.50,2026-09-14 05:27:00,4,6.47,6.47,6.47,1,False,"['dom0', 'dom1']",['QQQ706'],,,,,,,,,,,,
439,2026-09-14 05:29:00,2026-09-14,1,29305.28,piso,rota,False,cierre mas alla de +5 con cuerpo 10.00,2026-09-14 05:41:00,12,9.28,9.28,9.28,6,False,"['dom0', 'dom1']",['QQQ706'],,,,,,,,,,,,
465,2026-09-14 05:55:00,2026-09-14,1,29305.28,techo,rota,False,cierre mas alla de +5 con cuerpo 16.50,2026-09-14 06:01:00,6,17.97,17.97,17.97,3,False,"['dom0', 'dom1']",['QQQ706'],,,,,,,,,,,,
492,2026-09-14 06:22:00,2026-09-14,1,29305.28,piso,sostenido,False,giro de 15 pts,2026-09-14 06:24:00,2,-1.72,-1.72,1.72,0,False,"['dom0', 'dom1']",['QQQ706'],25.72,25.72,25.72,2026-09-14 06:27:00,5.00,re-rotura,False,2026-09-14 06:35:00,29346.79,41.51,False,
502,2026-09-14 06:32:00,2026-09-14,1,29305.28,piso,rota,False,cierre mas alla de +5 con cuerpo 6.75,2026-09-14 06:35:00,3,8.28,8.28,8.28,3,False,"['dom0', 'dom1']",['QQQ706'],,,,,,,,,,,,
514,2026-09-14 06:44:00,2026-09-14,1,29305.28,techo,rota,False,cierre mas alla de +5 con cuerpo 4.25,2026-09-14 06:46:00,2,7.22,7.22,7.22,3,False,"['dom0', 'dom1']",['QQQ706'],,,,,,,,,,,,
1526,2026-09-15 00:36:00,2026-09-15,20,29472.23,techo,rota,False,cierre mas alla de +5 con cuerpo 9.00,2026-09-15 00:39:00,3,8.52,8.52,8.52,1,False,['dom0'],['QQQ710'],,,,,,,,,,,,
1536,2026-09-15 00:46:00,2026-09-15,20,29472.23,piso,sostenido,False,giro de 15 pts,2026-09-15 00:50:00,4,2.23,2.23,2.23,1,True,['dom0'],['QQQ710'],17.27,19.50,17.27,2026-09-15 00:52:00,6.00,re-rotura,False,2026-09-15 00:58:00,,,,
1546,2026-09-15 00:56:00,2026-09-15,20,29472.23,piso,rota,False,cierre mas alla de +5 con cuerpo 9.75,2026-09-15 00:58:00,2,13.23,13.23,13.23,1,False,['dom0'],['QQQ710'],,,,,,,,,,,,
1551,2026-09-15 01:01:00,2026-09-15,20,29472.23,techo,rota,False,cierre mas alla de +5 con cuerpo 11.25,2026-09-15 01:03:00,2,9.02,9.02,9.02,1,False,['dom0'],['QQQ710'],,,,,,,,,,,,
1556,2026-09-15 01:06:00,2026-09-15,20,29472.23,piso,sostenido,False,giro de 15 pts,2026-09-15 01:12:00,6,0.48,0.48,0.48,0,False,['dom0'],['QQQ710'],22.77,23.25,22.77,2026-09-15 01:16:00,10.00,re-rotura,False,2026-09-15 01:34:00,,,,
1579,2026-09-15 01:29:00,2026-09-15,20,29472.23,piso,rota,False,cierre mas alla de +5 con cuerpo 12.25,2026-09-15 01:34:00,5,16.73,16.73,16.73,2,False,['dom0'],['QQQ710'],,,,,,,,,,,,
1590,2026-09-15 01:40:00,2026-09-15,21,29430.72,piso,sostenido,False,giro de 15 pts,2026-09-15 01:49:00,9,2.97,2.97,2.97,0,True,"['dom0', 'dom1']",['QQQ709'],45.28,48.25,45.28,2026-09-15 02:02:00,22.00,re-rotura,False,2026-09-15 03:54:00,29472.23,41.51,True,2026-09-15 01:55:00
1605,2026-09-15 01:55:00,2026-09-15,20,29472.23,techo,sostenido,False,giro de 15 pts,2026-09-15 02:06:00,11,3.77,3.77,3.77,2,True,['dom0'],['QQQ710'],163.73,167.50,20.73,2026-09-15 05:19:00,204.00,tope,False,,29430.72,41.51,True,2026-09-15 03:54:00
1645,2026-09-15 02:35:00,2026-09-15,20,29472.23,techo,sostenido,False,giro de 15 pts,2026-09-15 02:37:00,2,0.27,0.27,0.27,0,False,['dom0'],['QQQ710'],163.73,164.00,163.73,2026-09-15 05:19:00,164.00,tope,False,,29430.72,41.51,True,2026-09-15 03:54:00
1724,2026-09-15 03:54:00,2026-09-15,21,29430.72,piso,rota,False,cierre mas alla de +5 con cuerpo 15.00,2026-09-15 03:54:00,0,8.22,8.22,8.22,1,False,"['dom0', 'dom1']",['QQQ709'],,,,,,,,,,,,
1736,2026-09-15 04:06:00,2026-09-15,21,29430.72,techo,sostenido,False,giro de 15 pts,2026-09-15 04:11:00,5,2.78,2.78,2.78,0,True,"['dom0', 'dom1']",['QQQ709'],156.97,159.75,156.97,2026-09-15 08:05:00,239.00,tope,False,,,,,
1962,2026-09-15 07:52:00,2026-09-15,26,29306.19,piso,sostenido,False,giro de 15 pts,2026-09-15 07:57:00,5,8.44,8.44,8.44,1,True,['dom1'],['QQQ706'],15.31,23.75,15.31,2026-09-15 07:57:00,5.00,re-rotura,False,2026-09-15 08:00:00,,,,
1978,2026-09-15 08:08:00,2026-09-15,25,29264.68,piso,rota,False,cierre mas alla de +5 con cuerpo 21.00,2026-09-15 08:08:00,0,18.93,18.93,18.93,1,False,['dom0'],['QQQ705'],,,,,,,,,,,,
1983,2026-09-15 08:13:00,2026-09-15,25,29264.68,techo,rota,False,cierre mas alla de +5 con cuerpo 9.75,2026-09-15 08:14:00,1,13.82,13.82,13.82,2,False,['dom0'],['QQQ705'],,,,,,,,,,,,
1990,2026-09-15 08:20:00,2026-09-15,26,29306.19,techo,sostenido,False,giro de 15 pts,2026-09-15 08:27:00,7,3.81,3.81,3.81,0,True,['dom1'],['QQQ706'],69.69,73.50,69.69,2026-09-15 09:18:00,58.00,re-rotura,False,2026-09-15 09:47:00,29264.68,41.51,True,2026-09-15 08:45:00
3291,2026-09-16 07:01:00,2026-09-16,39,29384.58,techo,rota,False,3 cierres seguidos mas alla,2026-09-16 07:05:00,4,10.92,10.92,10.92,3,False,"['dom0', 'dom1']",['QQQ708'],,,,,,,,,,,,
3296,2026-09-16 07:06:00,2026-09-16,39,29384.58,piso,rota,False,cierre mas alla de +5 con cuerpo 15.75,2026-09-16 07:18:00,12,17.08,17.08,17.08,4,False,"['dom0', 'dom1']",['QQQ708'],,,,,,,,,,,,
3313,2026-09-16 07:23:00,2026-09-16,39,29384.58,techo,rota,False,3 cierres seguidos mas alla,2026-09-16 07:25:00,2,7.42,7.42,7.42,3,False,"['dom0', 'dom1']",['QQQ708'],,,,,,,,,,,,
3323,2026-09-16 07:33:00,2026-09-16,39,29384.58,piso,rota,False,cierre mas alla de +5 con cuerpo 4.75,2026-09-16 07:38:00,5,7.58,7.58,7.58,3,False,"['dom0', 'dom1']",['QQQ708'],,,,,,,,,,,,
4603,2026-09-17 05:53:00,2026-09-17,62,29383.83,piso,rota,False,cierre mas alla de +5 con cuerpo 5.00,2026-09-17 05:57:00,4,10.83,10.83,10.83,3,False,"['dom0', 'dom1']",['QQQ708'],,,,,,,,,,,,
4611,2026-09-17 06:01:00,2026-09-17,62,29383.83,techo,rota,False,cierre mas alla de +5 con cuerpo 13.50,2026-09-17 06:02:00,1,13.42,13.42,13.42,1,False,"['dom0', 'dom1']",['QQQ708'],,,,,,,,,,,,
4620,2026-09-17 06:10:00,2026-09-17,62,29383.83,piso,sostenido,False,giro de 15 pts,2026-09-17 06:22:00,12,7.83,7.83,7.83,2,True,"['dom0', 'dom1']",['QQQ708'],208.67,216.50,208.67,2026-09-17 09:11:00,181.00,tope,False,,29466.83,83.01,True,2026-09-17 06:43:00
4676,2026-09-17 07:06:00,2026-09-17,70,29508.34,techo,rota,False,cierre mas alla de +5 con cuerpo 6.75,2026-09-17 07:07:00,1,10.16,10.16,10.16,2,False,['dom1'],['QQQ711'],,,,,,,,,,,,
4682,2026-09-17 07:12:00,2026-09-17,70,29508.34,piso,sostenido,False,giro de 15 pts,2026-09-17 07:17:00,5,2.34,2.34,2.34,1,True,['dom1'],['QQQ711'],58.41,60.75,28.41,2026-09-17 07:30:00,18.00,re-rotura,False,2026-09-17 08:13:00,29549.84,41.50,True,2026-09-17 07:28:00
4691,2026-09-17 07:21:00,2026-09-17,70,29508.34,piso,sostenido,False,giro de 15 pts,2026-09-17 07:23:00,2,-0.41,-0.41,0.41,0,False,['dom1'],['QQQ711'],58.41,58.41,58.41,2026-09-17 07:30:00,9.00,re-rotura,False,2026-09-17 08:13:00,29549.84,41.50,True,2026-09-17 07:28:00
4698,2026-09-17 07:28:00,2026-09-17,71,29549.84,techo,rota,False,cierre mas alla de +5 con cuerpo 9.50,2026-09-17 07:30:00,2,16.91,16.91,16.91,1,False,"['dom0', 'dom1']",['QQQ712'],,,,,,,,,,,,
4711,2026-09-17 07:41:00,2026-09-17,71,29549.84,techo,sostenido,False,giro de 15 pts,2026-09-17 07:45:00,4,0.41,0.41,0.41,0,False,"['dom0', 'dom1']",['QQQ712'],64.84,65.25,64.84,2026-09-17 08:18:00,37.00,re-rotura,False,2026-09-17 08:55:00,,,,
4726,2026-09-17 07:56:00,2026-09-17,70,29508.34,piso,sostenido,False,giro de 15 pts,2026-09-17 08:01:00,5,-0.91,-0.91,0.91,0,False,['dom1'],['QQQ711'],25.41,25.41,25.41,2026-09-17 08:06:00,10.00,re-rotura,False,2026-09-17 08:13:00,29549.84,41.50,False,
4742,2026-09-17 08:12:00,2026-09-17,70,29508.34,piso,rota,False,cierre mas alla de +5 con cuerpo 5.75,2026-09-17 08:13:00,1,17.34,17.34,17.34,2,False,['dom1'],['QQQ711'],,,,,,,,,,,,
4755,2026-09-17 08:25:00,2026-09-17,70,29508.34,techo,rota,False,3 cierres seguidos mas alla,2026-09-17 08:27:00,2,7.41,7.41,7.41,3,False,['dom1'],['QQQ711'],,,,,,,,,,,,
5800,2026-09-18 02:50:00,2026-09-18,82,29702.23,techo,sostenido,False,giro de 15 pts,2026-09-18 02:58:00,8,1.52,1.52,1.52,0,False,"['dom0', 'dom1']",['QQQ716'],15.98,17.50,15.98,2026-09-18 02:58:00,8.00,re-rotura,False,2026-09-18 03:04:00,29619.27,82.97,False,
5813,2026-09-18 03:03:00,2026-09-18,82,29702.23,techo,rota,False,cierre mas alla de +5 con cuerpo 8.25,2026-09-18 03:04:00,1,7.27,7.27,7.27,1,False,"['dom0', 'dom1']",['QQQ716'],,,,,,,,,,,,
5912,2026-09-18 04:42:00,2026-09-18,83,29785.20,techo,rota,False,cierre mas alla de +5 con cuerpo 12.75,2026-09-18 04:43:00,1,15.30,15.30,15.30,1,False,"['dom0', 'dom1']",['QQQ718'],,,,,,,,,,,,
5917,2026-09-18 04:47:00,2026-09-18,83,29785.20,piso,sostenido,False,giro de 15 pts,2026-09-18 04:50:00,3,-1.30,-1.30,1.30,0,False,"['dom0', 'dom1']",['QQQ718'],182.05,182.05,182.05,2026-09-18 07:30:00,163.00,tope,False,,29868.17,82.97,True,2026-09-18 06:02:00
5992,2026-09-18 06:02:00,2026-09-18,84,29868.17,techo,rota,False,3 cierres seguidos mas alla,2026-09-18 06:09:00,7,4.33,4.33,4.33,5,False,['dom0'],['QQQ720'],,,,,,,,,,,,
6023,2026-09-18 06:33:00,2026-09-18,85,29909.65,techo,rota,False,cierre mas alla de +5 con cuerpo 6.50,2026-09-18 06:38:00,5,9.35,9.35,9.35,1,False,['dom1'],['QQQ721'],,,,,,,,,,,,
6030,2026-09-18 06:40:00,2026-09-18,85,29909.65,piso,rota,False,3 cierres seguidos mas alla,2026-09-18 06:44:00,4,10.40,10.40,10.40,3,False,['dom1'],['QQQ721'],,,,,,,,,,,,
6052,2026-09-18 07:02:00,2026-09-18,85,29909.65,piso,sostenido,False,giro de 15 pts,2026-09-18 07:04:00,2,-0.60,-0.60,0.60,0,False,['dom1'],['QQQ721'],57.60,57.60,57.60,2026-09-18 07:30:00,28.00,re-rotura,False,2026-09-18 08:29:00,,,,
6082,2026-09-18 07:32:00,2026-09-18,86,29951.14,piso,rota,False,cierre mas alla de +5 con cuerpo 13.00,2026-09-18 07:42:00,10,14.39,14.39,14.39,2,False,['dom1'],['QQQ722'],,,,,,,,,,,,
6119,2026-09-18 08:09:00,2026-09-18,85,29909.65,piso,sostenido,False,giro de 15 pts,2026-09-18 08:20:00,11,5.65,5.65,5.65,3,True,['dom1'],['QQQ721'],21.85,27.50,21.85,2026-09-18 08:20:00,11.00,re-rotura,False,2026-09-18 08:29:00,,,,
6138,2026-09-18 08:28:00,2026-09-18,85,29909.65,piso,rota,False,cierre mas alla de +5 con cuerpo 8.50,2026-09-18 08:29:00,1,14.40,14.40,14.40,2,False,['dom1'],['QQQ721'],,,,,,,,,,,,
7004,2026-09-21 00:05:00,2026-09-21,96,30066.55,techo,sostenido,False,giro de 15 pts,2026-09-21 00:06:00,1,-1.05,-1.05,1.05,0,False,"['dom0', 'dom1']",['QQQ725'],49.80,49.80,49.80,2026-09-21 00:18:00,13.00,re-rotura,False,2026-09-21 00:27:00,30025.08,41.47,True,2026-09-21 00:17:00
7022,2026-09-21 00:23:00,2026-09-21,96,30066.55,techo,rota,False,cierre mas alla de +5 con cuerpo 13.25,2026-09-21 00:27:00,4,12.45,12.45,12.45,1,False,"['dom0', 'dom1']",['QQQ725'],,,,,,,,,,,,
7028,2026-09-21 00:29:00,2026-09-21,96,30066.55,piso,sostenido,False,giro de 15 pts,2026-09-21 00:31:00,2,0.30,0.30,0.30,0,False,"['dom0', 'dom1']",['QQQ725'],62.20,62.50,62.20,2026-09-21 01:12:00,43.00,tope,False,,,,,
7070,2026-09-21 01:11:00,2026-09-21,98,30108.02,piso,sostenido,False,giro de 15 pts,2026-09-21 01:12:00,1,0.27,0.27,0.27,0,False,['dom1'],['QQQ726'],20.73,21.00,20.73,2026-09-21 01:12:00,1.00,re-rotura,False,2026-09-21 01:47:00,,,,
7073,2026-09-21 01:14:00,2026-09-21,98,30108.02,piso,sostenido,False,giro de 15 pts,2026-09-21 01:28:00,14,3.27,3.27,3.27,0,True,['dom1'],['QQQ726'],19.48,22.75,19.48,2026-09-21 01:29:00,15.00,re-rotura,False,2026-09-21 01:47:00,,,,
7089,2026-09-21 01:30:00,2026-09-21,98,30108.02,piso,rota,False,cierre mas alla de +5 con cuerpo 9.75,2026-09-21 01:47:00,17,13.77,13.77,13.77,2,False,['dom1'],['QQQ726'],,,,,,,,,,,,
7119,2026-09-21 02:00:00,2026-09-21,96,30066.55,piso,sostenido,False,giro de 15 pts,2026-09-21 02:03:00,3,2.80,2.80,2.80,1,True,"['dom0', 'dom1']",['QQQ725'],45.45,48.25,22.95,2026-09-21 05:40:00,220.00,tope,False,,,,,
7150,2026-09-21 02:31:00,2026-09-21,96,30066.55,piso,sostenido,False,giro de 15 pts,2026-09-21 02:35:00,4,-1.20,-1.20,1.20,0,False,"['dom0', 'dom1']",['QQQ725'],57.45,57.45,57.45,2026-09-21 06:19:00,228.00,tope,False,,,,,
7225,2026-09-21 03:46:00,2026-09-21,100,30108.02,techo,sostenido,False,giro de 15 pts,2026-09-21 03:50:00,4,-0.52,-0.52,0.52,0,False,['dom1'],['QQQ726'],37.77,37.77,37.77,2026-09-21 04:07:00,21.00,re-rotura,False,2026-09-21 06:09:00,30066.55,41.47,False,
7363,2026-09-21 06:04:00,2026-09-21,101,30108.02,techo,rota,False,cierre mas alla de +5 con cuerpo 4.00,2026-09-21 06:09:00,5,6.98,6.98,6.98,3,False,"['dom0', 'dom1']",['QQQ726'],,,,,,,,,,,,
7371,2026-09-21 06:12:00,2026-09-21,101,30108.02,piso,sostenido,False,giro de 15 pts,2026-09-21 06:18:00,6,2.27,2.27,2.27,0,True,"['dom0', 'dom1']",['QQQ726'],15.98,18.25,15.98,2026-09-21 06:19:00,7.00,re-rotura,False,2026-09-21 06:30:00,,,,
7380,2026-09-21 06:21:00,2026-09-21,101,30108.02,piso,rota,False,3 cierres seguidos mas alla,2026-09-21 06:30:00,9,5.02,5.02,5.02,3,False,"['dom0', 'dom1']",['QQQ726'],,,,,,,,,,,,
8420,2026-09-22 00:41:00,2026-09-22,123,30889.39,techo,rota,False,3 cierres seguidos mas alla,2026-09-22 00:44:00,3,7.86,7.86,7.86,3,False,['dom0'],['QQQ744'],,,,,,,,,,,,
8427,2026-09-22 00:48:00,2026-09-22,123,30889.39,piso,rota,False,cierre mas alla de +5 con cuerpo 5.50,2026-09-22 01:03:00,15,6.14,6.14,6.14,1,False,['dom0'],['QQQ744'],,,,,,,,,,,,
8451,2026-09-22 01:12:00,2026-09-22,123,30889.39,techo,sostenido,False,giro de 15 pts,2026-09-22 01:16:00,4,-1.89,-1.89,1.89,0,False,['dom0'],['QQQ744'],22.39,22.39,22.39,2026-09-22 01:22:00,10.00,re-rotura,False,2026-09-22 01:34:00,,,,
8468,2026-09-22 01:29:00,2026-09-22,123,30889.39,techo,sostenido,False,giro de 15 pts,2026-09-22 01:30:00,1,2.11,2.11,2.11,0,True,['dom0'],['QQQ744'],19.39,21.50,19.39,2026-09-22 01:30:00,1.00,re-rotura,False,2026-09-22 01:34:00,,,,
8470,2026-09-22 01:31:00,2026-09-22,123,30889.39,techo,rota,False,cierre mas alla de +5 con cuerpo 4.50,2026-09-22 01:34:00,3,9.86,9.86,9.86,2,False,['dom0'],['QQQ744'],,,,,,,,,,,,
8477,2026-09-22 01:38:00,2026-09-22,123,30889.39,piso,rota,False,3 cierres seguidos mas alla,2026-09-22 01:46:00,8,16.14,16.14,16.14,5,False,['dom0'],['QQQ744'],,,,,,,,,,,,
8490,2026-09-22 01:51:00,2026-09-22,123,30889.39,techo,sostenido,False,giro de 15 pts,2026-09-22 01:59:00,8,0.61,0.61,0.61,0,False,['dom0'],['QQQ744'],17.89,18.50,17.89,2026-09-22 01:59:00,8.00,re-rotura,False,2026-09-22 02:04:00,,,,
8500,2026-09-22 02:01:00,2026-09-22,123,30889.39,techo,rota,False,3 cierres seguidos mas alla,2026-09-22 02:04:00,3,5.36,5.36,5.36,3,False,['dom0'],['QQQ744'],,,,,,,,,,,,
8539,2026-09-22 02:40:00,2026-09-22,123,30889.39,techo,rota,False,3 cierres seguidos mas alla,2026-09-22 02:43:00,3,5.61,5.61,5.61,3,False,['dom0'],['QQQ744'],,,,,,,,,,,,
8554,2026-09-22 02:55:00,2026-09-22,123,30889.39,piso,rota,False,3 cierres seguidos mas alla,2026-09-22 03:09:00,14,6.89,6.89,6.89,4,False,['dom0'],['QQQ744'],,,,,,,,,,,,
8593,2026-09-22 03:34:00,2026-09-22,123,30889.39,techo,rota,False,cierre mas alla de +5 con cuerpo 4.50,2026-09-22 03:36:00,2,9.11,9.11,9.11,3,False,['dom0'],['QQQ744'],,,,,,,,,,,,
8598,2026-09-22 03:39:00,2026-09-22,123,30889.39,piso,rota,False,cierre mas alla de +5 con cuerpo 6.00,2026-09-22 03:40:00,1,5.89,5.89,5.89,1,False,['dom0'],['QQQ744'],,,,,,,,,,,,
8868,2026-09-22 08:09:00,2026-09-22,128,30723.32,piso,sostenido,False,giro de 15 pts,2026-09-22 08:10:00,1,-1.18,-1.18,1.18,0,False,"['dom0', 'dom1']",['QQQ740'],19.43,19.43,19.43,2026-09-22 08:10:00,1.00,re-rotura,False,2026-09-22 08:17:00,30806.35,83.04,False,
8874,2026-09-22 08:15:00,2026-09-22,128,30723.32,piso,rota,False,cierre mas alla de +5 con cuerpo 4.25,2026-09-22 08:17:00,2,7.57,7.57,7.57,2,False,"['dom0', 'dom1']",['QQQ740'],,,,,,,,,,,,
8878,2026-09-22 08:19:00,2026-09-22,128,30723.32,techo,sostenido,False,giro de 15 pts,2026-09-22 08:22:00,3,1.68,1.68,1.68,1,True,"['dom0', 'dom1']",['QQQ740'],52.32,54.00,22.57,2026-09-22 08:31:00,12.00,re-rotura,False,2026-09-22 08:39:00,,,,
8884,2026-09-22 08:25:00,2026-09-22,128,30723.32,techo,sostenido,False,giro de 15 pts,2026-09-22 08:25:00,0,11.43,11.43,11.43,0,True,"['dom0', 'dom1']",['QQQ740'],52.32,63.75,52.32,2026-09-22 08:31:00,6.00,re-rotura,False,2026-09-22 08:39:00,,,,
10154,2026-09-23 06:35:00,2026-09-23,144,31088.41,techo,sostenido,False,giro de 15 pts,2026-09-23 06:46:00,11,6.34,6.34,6.34,3,True,"['dom0', 'dom1']",['QQQ749'],90.91,97.25,90.91,2026-09-23 09:48:00,193.00,tope,False,,,,,
11608,2026-09-25 00:43:00,2026-09-25,162,30709.12,techo,sostenido,False,giro de 15 pts,2026-09-25 00:47:00,4,-1.12,-1.12,1.12,0,False,"['dom0', 'dom1']",['QQQ740'],25.62,25.62,15.62,2026-09-25 01:00:00,17.00,re-rotura,False,2026-09-25 01:09:00,,,,
11614,2026-09-25 00:49:00,2026-09-25,162,30709.12,techo,sostenido,False,giro de 15 pts,2026-09-25 00:51:00,2,-1.62,-1.62,1.62,0,False,"['dom0', 'dom1']",['QQQ740'],25.62,25.62,25.62,2026-09-25 01:00:00,11.00,re-rotura,False,2026-09-25 01:09:00,,,,
11627,2026-09-25 01:02:00,2026-09-25,162,30709.12,techo,rota,False,3 cierres seguidos mas alla,2026-09-25 01:09:00,7,13.63,13.63,13.63,4,False,"['dom0', 'dom1']",['QQQ740'],,,,,,,,,,,,
11642,2026-09-25 01:17:00,2026-09-25,161,30792.11,techo,sostenido,False,giro de 15 pts,2026-09-25 01:17:00,0,-1.86,-1.86,1.86,0,False,"['dom0', 'dom1']",['QQQ742'],41.86,41.86,41.86,2026-09-25 01:35:00,18.00,re-rotura,False,2026-09-25 01:41:00,,,,
11664,2026-09-25 01:39:00,2026-09-25,161,30792.11,techo,rota,False,cierre mas alla de +5 con cuerpo 9.25,2026-09-25 01:41:00,2,8.39,8.39,8.39,1,False,"['dom0', 'dom1']",['QQQ742'],,,,,,,,,,,,
11671,2026-09-25 01:46:00,2026-09-25,161,30792.11,piso,rota,False,cierre mas alla de +5 con cuerpo 9.25,2026-09-25 01:51:00,5,10.36,10.36,10.36,3,False,"['dom0', 'dom1']",['QQQ742'],,,,,,,,,,,,
11684,2026-09-25 01:59:00,2026-09-25,161,30792.11,techo,rota,False,cierre mas alla de +5 con cuerpo 9.00,2026-09-25 02:06:00,7,12.64,12.64,12.64,3,False,"['dom0', 'dom1']",['QQQ742'],,,,,,,,,,,,
11699,2026-09-25 02:14:00,2026-09-25,161,30792.11,piso,sostenido,False,giro de 15 pts,2026-09-25 02:19:00,5,-1.89,-1.89,1.89,0,False,"['dom0', 'dom1']",['QQQ742'],22.39,22.39,22.39,2026-09-25 02:21:00,7.00,re-rotura,False,2026-09-25 02:29:00,30833.61,41.50,False,
11713,2026-09-25 02:28:00,2026-09-25,161,30792.11,piso,rota,False,cierre mas alla de +5 con cuerpo 5.75,2026-09-25 02:29:00,1,7.36,7.36,7.36,2,False,"['dom0', 'dom1']",['QQQ742'],,,,,,,,,,,,
11729,2026-09-25 02:44:00,2026-09-25,161,30792.11,techo,sostenido,False,giro de 15 pts,2026-09-25 02:46:00,2,2.89,2.89,2.89,0,True,"['dom0', 'dom1']",['QQQ742'],27.61,30.50,27.61,2026-09-25 02:50:00,6.00,re-rotura,False,2026-09-25 03:06:00,,,,
11744,2026-09-25 02:59:00,2026-09-25,161,30792.11,techo,rota,False,cierre mas alla de +5 con cuerpo 7.25,2026-09-25 03:06:00,7,10.39,10.39,10.39,1,False,"['dom0', 'dom1']",['QQQ742'],,,,,,,,,,,,
11762,2026-09-25 03:17:00,2026-09-25,161,30792.11,piso,sostenido,False,giro de 15 pts,2026-09-25 03:21:00,4,4.11,4.11,4.11,0,True,"['dom0', 'dom1']",['QQQ742'],22.14,26.25,15.89,2026-09-25 03:41:00,24.00,re-rotura,False,2026-09-25 03:44:00,30833.61,41.50,False,
11771,2026-09-25 03:26:00,2026-09-25,161,30792.11,piso,sostenido,False,giro de 15 pts,2026-09-25 03:38:00,12,2.11,2.11,2.11,0,True,"['dom0', 'dom1']",['QQQ742'],22.14,24.25,22.14,2026-09-25 03:41:00,15.00,re-rotura,False,2026-09-25 03:44:00,30833.61,41.50,False,
11789,2026-09-25 03:44:00,2026-09-25,161,30792.11,piso,rota,False,cierre mas alla de +5 con cuerpo 16.50,2026-09-25 03:44:00,0,7.86,7.86,7.86,1,False,"['dom0', 'dom1']",['QQQ742'],,,,,,,,,,,,
11794,2026-09-25 03:49:00,2026-09-25,161,30792.11,techo,sostenido,False,giro de 15 pts,2026-09-25 04:03:00,14,2.64,2.64,2.64,1,True,"['dom0', 'dom1']",['QQQ742'],25.61,28.25,25.61,2026-09-25 04:22:00,33.00,re-rotura,False,2026-09-25 05:06:00,,,,
11843,2026-09-25 04:38:00,2026-09-25,161,30792.11,techo,sostenido,False,giro de 15 pts,2026-09-25 04:57:00,19,0.14,0.14,0.14,0,False,"['dom0', 'dom1']",['QQQ742'],24.86,25.00,24.86,2026-09-25 04:57:00,19.00,re-rotura,False,2026-09-25 05:06:00,,,,
11869,2026-09-25 05:04:00,2026-09-25,161,30792.11,techo,rota,False,cierre mas alla de +5 con cuerpo 4.25,2026-09-25 05:06:00,2,9.89,9.89,9.89,2,False,"['dom0', 'dom1']",['QQQ742'],,,,,,,,,,,,
11872,2026-09-25 05:07:00,2026-09-25,161,30792.11,piso,sostenido,False,giro de 15 pts,2026-09-25 05:09:00,2,4.36,4.36,4.36,1,True,"['dom0', 'dom1']",['QQQ742'],167.39,171.75,21.64,2026-09-25 09:07:00,240.00,tope,False,,30833.61,41.50,True,2026-09-25 05:31:00
11889,2026-09-25 05:24:00,2026-09-25,161,30792.11,piso,sostenido,False,giro de 15 pts,2026-09-25 05:28:00,4,3.11,3.11,3.11,1,True,"['dom0', 'dom1']",['QQQ742'],170.89,174.00,170.89,2026-09-25 09:15:00,231.00,tope,False,,30833.61,41.50,True,2026-09-25 05:31:00
12073,2026-09-25 08:28:00,2026-09-25,165,30916.61,techo,rota,False,cierre mas alla de +5 con cuerpo 11.50,2026-09-25 08:28:00,0,8.89,8.89,8.89,1,False,['dom0'],['QQQ745'],,,,,,,,,,,,
13048,2026-09-28 01:54:00,2026-09-28,188,30741.35,piso,sostenido,False,giro de 15 pts,2026-09-28 01:55:00,1,-1.65,-1.65,1.65,0,False,"['dom0', 'dom1']",['QQQ741'],25.90,25.90,25.90,2026-09-28 01:57:00,3.00,re-rotura,False,2026-09-28 02:00:00,,,,
13052,2026-09-28 01:58:00,2026-09-28,188,30741.35,piso,rota,False,cierre mas alla de +5 con cuerpo 14.00,2026-09-28 02:00:00,2,15.60,15.60,15.60,1,False,"['dom0', 'dom1']",['QQQ741'],,,,,,,,,,,,
13059,2026-09-28 02:05:00,2026-09-28,188,30741.35,techo,sostenido,False,giro de 15 pts,2026-09-28 02:06:00,1,-1.35,-1.35,1.35,0,False,"['dom0', 'dom1']",['QQQ741'],24.35,24.35,24.35,2026-09-28 02:08:00,3.00,re-rotura,False,2026-09-28 02:11:00,30699.87,41.49,False,
13063,2026-09-28 02:09:00,2026-09-28,188,30741.35,techo,rota,False,3 cierres seguidos mas alla,2026-09-28 02:11:00,2,13.90,13.90,13.90,3,False,"['dom0', 'dom1']",['QQQ741'],,,,,,,,,,,,
13069,2026-09-28 02:15:00,2026-09-28,188,30741.35,piso,rota,False,cierre mas alla de +5 con cuerpo 9.75,2026-09-28 02:16:00,1,12.10,12.10,12.10,2,False,"['dom0', 'dom1']",['QQQ741'],,,,,,,,,,,,
13078,2026-09-28 02:24:00,2026-09-28,190,30699.87,piso,sostenido,False,giro de 15 pts,2026-09-28 02:26:00,2,-1.13,-1.13,1.13,0,False,"['dom0', 'dom1']",['QQQ740'],35.38,35.38,35.38,2026-09-28 02:28:00,4.00,re-rotura,False,2026-09-28 02:41:00,,,,
13090,2026-09-28 02:36:00,2026-09-28,190,30699.87,piso,rota,False,cierre mas alla de +5 con cuerpo 6.25,2026-09-28 02:41:00,5,7.87,7.87,7.87,4,False,"['dom0', 'dom1']",['QQQ740'],,,,,,,,,,,,
13114,2026-09-28 03:00:00,2026-09-28,190,30699.87,techo,sostenido,False,giro de 15 pts,2026-09-28 03:02:00,2,-0.12,-0.12,0.12,0,False,"['dom0', 'dom1']",['QQQ740'],118.62,118.62,21.87,2026-09-28 06:30:00,210.00,tope,False,,30616.90,82.97,True,2026-09-28 06:17:00
13119,2026-09-28 03:05:00,2026-09-28,190,30699.87,techo,sostenido,False,giro de 15 pts,2026-09-28 03:06:00,1,-0.62,-0.62,0.62,0,False,"['dom0', 'dom1']",['QQQ740'],118.62,118.62,15.12,2026-09-28 06:30:00,205.00,tope,False,,30616.90,82.97,True,2026-09-28 06:17:00
13127,2026-09-28 03:13:00,2026-09-28,190,30699.87,techo,sostenido,False,giro de 15 pts,2026-09-28 03:14:00,1,1.13,1.13,1.13,0,False,"['dom0', 'dom1']",['QQQ740'],118.62,119.75,62.37,2026-09-28 06:30:00,197.00,tope,False,,30616.90,82.97,True,2026-09-28 06:17:00
13235,2026-09-28 05:01:00,2026-09-28,190,30699.87,techo,sostenido,False,giro de 15 pts,2026-09-28 05:05:00,4,5.63,5.63,5.63,1,True,"['dom0', 'dom1']",['QQQ740'],128.87,134.50,128.87,2026-09-28 07:44:00,163.00,tope,False,,30616.90,82.97,True,2026-09-28 06:17:00
13311,2026-09-28 06:17:00,2026-09-28,191,30616.90,piso,rota,False,cierre mas alla de +5 con cuerpo 9.25,2026-09-28 06:19:00,2,11.15,11.15,11.15,2,False,"['dom0', 'dom1']",['QQQ738'],,,,,,,,,,,,
13325,2026-09-28 06:31:00,2026-09-28,191,30616.90,techo,sostenido,False,giro de 15 pts,2026-09-28 06:33:00,2,-0.65,-0.65,0.65,0,False,"['dom0', 'dom1']",['QQQ738'],25.65,25.65,25.65,2026-09-28 06:34:00,3.00,re-rotura,False,2026-09-28 06:37:00,30575.41,41.49,False,
13329,2026-09-28 06:35:00,2026-09-28,191,30616.90,techo,rota,False,cierre mas alla de +5 con cuerpo 4.00,2026-09-28 06:37:00,2,8.10,8.10,8.10,2,False,"['dom0', 'dom1']",['QQQ738'],,,,,,,,,,,,
13334,2026-09-28 06:40:00,2026-09-28,191,30616.90,piso,sostenido,False,giro de 15 pts,2026-09-28 06:41:00,1,1.40,1.40,1.40,0,False,"['dom0', 'dom1']",['QQQ738'],20.85,22.25,20.85,2026-09-28 06:42:00,2.00,re-rotura,False,2026-09-28 06:44:00,30699.87,82.97,False,
13338,2026-09-28 06:44:00,2026-09-28,191,30616.90,piso,rota,False,cierre mas alla de +5 con cuerpo 11.00,2026-09-28 06:44:00,0,5.90,5.90,5.90,1,False,"['dom0', 'dom1']",['QQQ738'],,,,,,,,,,,,
13351,2026-09-28 06:57:00,2026-09-28,191,30616.90,piso,sostenido,False,giro de 15 pts,2026-09-28 06:58:00,1,-0.60,-0.60,0.60,0,False,"['dom0', 'dom1']",['QQQ738'],32.35,32.35,32.35,2026-09-28 06:59:00,2.00,re-rotura,False,2026-09-28 07:07:00,30699.87,82.97,False,
13355,2026-09-28 07:01:00,2026-09-28,191,30616.90,piso,rota,False,3 cierres seguidos mas alla,2026-09-28 07:07:00,6,12.90,12.90,12.90,4,False,"['dom0', 'dom1']",['QQQ738'],,,,,,,,,,,,
13378,2026-09-28 07:24:00,2026-09-28,191,30616.90,techo,sostenido,False,giro de 15 pts,2026-09-28 07:26:00,2,0.85,0.85,0.85,0,False,"['dom0', 'dom1']",['QQQ738'],45.90,46.75,45.90,2026-09-28 07:44:00,20.00,re-rotura,False,2026-09-28 07:55:00,,,,
13392,2026-09-28 07:38:00,2026-09-28,194,30575.41,piso,sostenido,False,giro de 15 pts,2026-09-28 07:39:00,1,-0.84,-0.84,0.84,0,False,['dom1'],['QQQ737'],64.59,64.59,38.34,2026-09-28 08:15:00,37.00,re-rotura,False,2026-09-28 09:04:00,30616.90,41.49,True,2026-09-28 07:49:00
13403,2026-09-28 07:49:00,2026-09-28,191,30616.90,techo,sostenido,False,giro de 15 pts,2026-09-28 07:52:00,3,0.35,0.35,0.35,0,False,"['dom0', 'dom1']",['QQQ738'],26.40,26.75,26.40,2026-09-28 07:53:00,4.00,re-rotura,False,2026-09-28 07:55:00,,,,
13408,2026-09-28 07:54:00,2026-09-28,191,30616.90,techo,rota,False,cierre mas alla de +5 con cuerpo 5.75,2026-09-28 07:55:00,1,12.60,12.60,12.60,2,False,"['dom0', 'dom1']",['QQQ738'],,,,,,,,,,,,
13411,2026-09-28 07:57:00,2026-09-28,191,30616.90,piso,rota,False,cierre mas alla de +5 con cuerpo 13.25,2026-09-28 07:57:00,0,9.40,9.40,9.40,1,False,"['dom0', 'dom1']",['QQQ738'],,,,,,,,,,,,
13415,2026-09-28 08:01:00,2026-09-28,191,30616.90,techo,sostenido,False,giro de 15 pts,2026-09-28 08:03:00,2,2.60,2.60,2.60,0,True,"['dom0', 'dom1']",['QQQ738'],27.40,30.00,27.40,2026-09-28 08:03:00,2.00,re-rotura,False,2026-09-28 08:14:00,30575.41,41.49,False,
13422,2026-09-28 08:08:00,2026-09-28,191,30616.90,techo,sostenido,False,giro de 15 pts,2026-09-28 08:13:00,5,4.10,4.10,4.10,0,True,"['dom0', 'dom1']",['QQQ738'],15.65,19.75,15.65,2026-09-28 08:13:00,5.00,re-rotura,False,2026-09-28 08:14:00,,,,
13430,2026-09-28 08:16:00,2026-09-28,191,30616.90,piso,rota,False,3 cierres seguidos mas alla,2026-09-28 08:20:00,4,8.90,8.90,8.90,3,False,"['dom0', 'dom1']",['QQQ738'],,,,,,,,,,,,
13437,2026-09-28 08:23:00,2026-09-28,191,30616.90,techo,sostenido,False,giro de 15 pts,2026-09-28 08:23:00,0,-1.90,-1.90,1.90,0,False,"['dom0', 'dom1']",['QQQ738'],24.65,24.65,24.65,2026-09-28 08:24:00,1.00,re-rotura,False,2026-09-28 08:29:00,,,,
13440,2026-09-28 08:26:00,2026-09-28,191,30616.90,techo,rota,False,cierre mas alla de +5 con cuerpo 9.25,2026-09-28 08:29:00,3,7.35,7.35,7.35,2,False,"['dom0', 'dom1']",['QQQ738'],,,,,,,,,,,,
14358,2026-09-29 00:45:00,2026-09-29,213,30535.31,piso,rota,False,cierre mas alla de +5 con cuerpo 19.25,2026-09-29 00:45:00,0,8.81,8.81,8.81,1,False,['dom1'],['QQQ736'],,,,,,,,,,,,
14365,2026-09-29 00:52:00,2026-09-29,212,30493.82,piso,sostenido,False,giro de 15 pts,2026-09-29 00:54:00,2,-1.43,-1.43,1.43,0,False,['dom0'],['QQQ735'],35.93,35.93,25.18,2026-09-29 01:02:00,10.00,re-rotura,False,2026-09-29 01:11:00,30535.31,41.49,False,
14372,2026-09-29 00:59:00,2026-09-29,212,30493.82,piso,sostenido,False,giro de 15 pts,2026-09-29 01:00:00,1,6.82,6.82,6.82,1,True,['dom0'],['QQQ735'],35.93,42.75,35.93,2026-09-29 01:02:00,3.00,re-rotura,False,2026-09-29 01:11:00,30535.31,41.49,False,
14380,2026-09-29 01:07:00,2026-09-29,212,30493.82,piso,sostenido,False,giro de 15 pts,2026-09-29 01:08:00,1,-1.93,-1.93,1.93,0,False,['dom0'],['QQQ735'],15.68,15.68,15.68,2026-09-29 01:08:00,1.00,re-rotura,False,2026-09-29 01:11:00,30535.31,41.49,False,
14383,2026-09-29 01:10:00,2026-09-29,212,30493.82,piso,rota,False,cierre mas alla de +5 con cuerpo 16.50,2026-09-29 01:11:00,1,18.82,18.82,18.82,1,False,['dom0'],['QQQ735'],,,,,,,,,,,,
14403,2026-09-29 01:30:00,2026-09-29,212,30493.82,techo,sostenido,False,giro de 15 pts,2026-09-29 01:32:00,2,14.43,14.43,14.43,2,True,['dom0'],['QQQ735'],18.57,33.00,18.57,2026-09-29 01:32:00,2.00,re-rotura,False,2026-09-29 01:38:00,,,,
14407,2026-09-29 01:34:00,2026-09-29,212,30493.82,techo,rota,False,cierre mas alla de +5 con cuerpo 4.00,2026-09-29 01:38:00,4,9.68,9.68,9.68,2,False,['dom0'],['QQQ735'],,,,,,,,,,,,
14416,2026-09-29 01:43:00,2026-09-29,212,30493.82,piso,sostenido,False,giro de 15 pts,2026-09-29 01:43:00,0,-1.68,-1.68,1.68,0,False,['dom0'],['QQQ735'],24.18,24.18,24.18,2026-09-29 01:46:00,3.00,re-rotura,False,2026-09-29 02:06:00,30535.31,41.49,False,
14420,2026-09-29 01:47:00,2026-09-29,212,30493.82,piso,sostenido,False,giro de 15 pts,2026-09-29 01:52:00,5,6.07,6.07,6.07,1,True,['dom0'],['QQQ735'],19.68,25.75,19.68,2026-09-29 01:53:00,6.00,re-rotura,False,2026-09-29 02:06:00,30535.31,41.49,False,
14434,2026-09-29 02:01:00,2026-09-29,212,30493.82,piso,rota,False,cierre mas alla de +5 con cuerpo 4.50,2026-09-29 02:06:00,5,14.32,14.32,14.32,2,False,['dom0'],['QQQ735'],,,,,,,,,,,,
14442,2026-09-29 02:09:00,2026-09-29,212,30493.82,techo,rota,False,cierre mas alla de +5 con cuerpo 17.75,2026-09-29 02:12:00,3,17.18,17.18,17.18,1,False,['dom0'],['QQQ735'],,,,,,,,,,,,
14452,2026-09-29 02:19:00,2026-09-29,213,30535.31,techo,sostenido,False,giro de 15 pts,2026-09-29 02:21:00,2,2.44,2.44,2.44,1,True,['dom1'],['QQQ736'],163.56,166.00,163.56,2026-09-29 05:35:00,196.00,tope,False,,30493.82,41.49,True,2026-09-29 02:31:00
14464,2026-09-29 02:31:00,2026-09-29,212,30493.82,piso,rota,False,cierre mas alla de +5 con cuerpo 9.50,2026-09-29 02:32:00,1,12.57,12.57,12.57,2,False,['dom0'],['QQQ735'],,,,,,,,,,,,
14472,2026-09-29 02:39:00,2026-09-29,212,30493.82,techo,sostenido,False,giro de 15 pts,2026-09-29 02:41:00,2,3.43,3.43,3.43,0,True,['dom0'],['QQQ735'],122.07,125.50,81.32,2026-09-29 05:35:00,176.00,re-rotura,False,2026-09-29 06:13:00,,,,
14534,2026-09-29 03:41:00,2026-09-29,212,30493.82,techo,sostenido,False,giro de 15 pts,2026-09-29 03:45:00,4,6.18,6.18,6.18,1,True,['dom0'],['QQQ735'],122.07,128.25,122.07,2026-09-29 05:35:00,114.00,re-rotura,False,2026-09-29 06:13:00,,,,
14683,2026-09-29 06:10:00,2026-09-29,212,30493.82,techo,rota,False,cierre mas alla de +5 con cuerpo 8.50,2026-09-29 06:13:00,3,10.68,10.68,10.68,3,False,['dom0'],['QQQ735'],,,,,,,,,,,,
14694,2026-09-29 06:21:00,2026-09-29,212,30493.82,techo,rota,False,cierre mas alla de +5 con cuerpo 9.00,2026-09-29 06:22:00,1,15.93,15.93,15.93,2,False,['dom0'],['QQQ735'],,,,,,,,,,,,
14697,2026-09-29 06:24:00,2026-09-29,212,30493.82,piso,sostenido,False,giro de 15 pts,2026-09-29 06:25:00,1,-0.93,-0.93,0.93,0,False,['dom0'],['QQQ735'],141.18,141.18,141.18,2026-09-29 08:22:00,118.00,tope,False,,30535.31,41.49,True,2026-09-29 06:30:00
14703,2026-09-29 06:30:00,2026-09-29,219,30535.31,techo,rota,False,3 cierres seguidos mas alla,2026-09-29 06:32:00,2,12.69,12.69,12.69,3,False,['dom1'],['QQQ736'],,,,,,,,,,,,
14732,2026-09-29 06:59:00,2026-09-29,219,30535.31,piso,sostenido,False,giro de 15 pts,2026-09-29 07:00:00,1,-1.19,-1.19,1.19,0,False,['dom1'],['QQQ736'],107.94,107.94,17.44,2026-09-29 10:59:00,240.00,tope,False,,,,,
15728,2026-09-30 00:35:00,2026-09-30,231,30696.24,piso,rota,False,cierre mas alla de +5 con cuerpo 10.00,2026-09-30 00:36:00,1,9.49,9.49,9.49,1,False,"['dom0', 'dom1']",['QQQ740'],,,,,,,,,,,,
16174,2026-09-30 08:01:00,2026-09-30,231,30696.24,techo,rota,False,cierre mas alla de +5 con cuerpo 11.00,2026-09-30 08:03:00,2,11.26,11.26,11.26,2,False,"['dom0', 'dom1']",['QQQ740'],,,,,,,,,,,,
17223,2026-10-01 02:30:00,2026-10-01,268,30860.76,techo,rota,False,3 cierres seguidos mas alla,2026-10-01 02:42:00,12,3.74,3.74,3.74,5,False,"['dom0', 'dom1']",['QQQ744'],,,,,,,,,,,,
17244,2026-10-01 02:51:00,2026-10-01,268,30860.76,techo,rota,False,cierre mas alla de +5 con cuerpo 12.50,2026-10-01 03:00:00,9,18.49,18.49,18.49,5,False,"['dom0', 'dom1']",['QQQ744'],,,,,,,,,,,,
17285,2026-10-01 03:32:00,2026-10-01,268,30860.76,piso,sostenido,False,giro de 15 pts,2026-10-01 03:40:00,8,0.51,0.51,0.51,0,False,"['dom0', 'dom1']",['QQQ744'],289.49,290.00,289.49,2026-10-01 06:11:00,159.00,re-rotura,False,2026-10-01 07:26:00,30902.24,41.48,True,2026-10-01 03:52:00
17305,2026-10-01 03:52:00,2026-10-01,271,30902.24,techo,rota,False,cierre mas alla de +5 con cuerpo 14.00,2026-10-01 03:54:00,2,10.76,10.76,10.76,1,False,['dom0'],['QQQ745'],,,,,,,,,,,,
17366,2026-10-01 04:53:00,2026-10-01,272,30985.20,techo,sostenido,False,giro de 15 pts,2026-10-01 04:56:00,3,2.05,2.05,2.05,0,True,['dom1'],['QQQ747'],18.70,20.75,18.70,2026-10-01 04:57:00,4.00,re-rotura,False,2026-10-01 05:02:00,30902.24,82.96,False,
17372,2026-10-01 04:59:00,2026-10-01,272,30985.20,techo,rota,False,3 cierres seguidos mas alla,2026-10-01 05:02:00,3,9.80,9.80,9.80,3,False,['dom1'],['QQQ747'],,,,,,,,,,,,
17433,2026-10-01 06:00:00,2026-10-01,273,31109.64,techo,rota,False,cierre mas alla de +5 con cuerpo 25.25,2026-10-01 06:00:00,0,12.61,12.61,12.61,1,False,['dom0'],['QQQ750'],,,,,,,,,,,,
17452,2026-10-01 06:19:00,2026-10-01,273,31109.64,piso,sostenido,False,giro de 15 pts,2026-10-01 06:20:00,1,-1.61,-1.61,1.61,0,False,['dom0'],['QQQ750'],32.11,32.11,29.86,2026-10-01 06:30:00,11.00,re-rotura,False,2026-10-01 06:34:00,,,,
17459,2026-10-01 06:26:00,2026-10-01,273,31109.64,piso,sostenido,False,giro de 15 pts,2026-10-01 06:28:00,2,0.39,0.39,0.39,0,False,['dom0'],['QQQ750'],32.11,32.50,32.11,2026-10-01 06:30:00,4.00,re-rotura,False,2026-10-01 06:34:00,,,,
17465,2026-10-01 06:32:00,2026-10-01,273,31109.64,piso,rota,False,3 cierres seguidos mas alla,2026-10-01 06:34:00,2,8.64,8.64,8.64,3,False,['dom0'],['QQQ750'],,,,,,,,,,,,
17506,2026-10-01 07:13:00,2026-10-01,276,30985.20,piso,rota,False,cierre mas alla de +5 con cuerpo 20.25,2026-10-01 07:13:00,0,15.45,15.45,15.45,1,False,['dom1'],['QQQ747'],,,,,,,,,,,,
17517,2026-10-01 07:24:00,2026-10-01,277,30902.24,piso,rota,False,cierre mas alla de +5 con cuerpo 16.75,2026-10-01 07:24:00,0,13.99,13.99,13.99,1,False,['dom0'],['QQQ745'],,,,,,,,,,,,
17519,2026-10-01 07:26:00,2026-10-01,278,30860.76,piso,rota,False,cierre mas alla de +5 con cuerpo 34.00,2026-10-01 07:26:00,0,24.76,24.76,24.76,1,False,"['dom0', 'dom1']",['QQQ744'],,,,,,,,,,,,
17525,2026-10-01 07:32:00,2026-10-01,278,30860.76,techo,rota,False,cierre mas alla de +5 con cuerpo 10.75,2026-10-01 07:34:00,2,11.49,11.49,11.49,1,False,"['dom0', 'dom1']",['QQQ744'],,,,,,,,,,,,
17544,2026-10-01 07:51:00,2026-10-01,278,30860.76,techo,rota,False,cierre mas alla de +5 con cuerpo 23.25,2026-10-01 07:53:00,2,22.74,22.74,22.74,2,False,"['dom0', 'dom1']",['QQQ744'],,,,,,,,,,,,
17550,2026-10-01 07:57:00,2026-10-01,278,30860.76,piso,rota,False,cierre mas alla de +5 con cuerpo 5.00,2026-10-01 07:59:00,2,12.76,12.76,12.76,3,False,"['dom0', 'dom1']",['QQQ744'],,,,,,,,,,,,
17558,2026-10-01 08:05:00,2026-10-01,277,30902.24,techo,sostenido,False,giro de 15 pts,2026-10-01 08:06:00,1,4.26,4.26,4.26,0,True,['dom0'],['QQQ745'],145.24,149.50,145.24,2026-10-01 08:33:00,28.00,re-rotura,False,2026-10-01 10:42:00,,,,
17561,2026-10-01 08:08:00,2026-10-01,278,30860.76,piso,rota,False,cierre mas alla de +5 con cuerpo 36.25,2026-10-01 08:09:00,1,37.76,37.76,37.76,1,False,"['dom0', 'dom1']",['QQQ744'],,,,,,,,,,,,
18531,2026-10-02 01:18:00,2026-10-02,298,30850.24,techo,sostenido,False,giro de 15 pts,2026-10-02 01:19:00,1,-1.74,-1.74,1.74,0,False,['dom1'],['QQQ744'],59.49,59.49,59.49,2026-10-02 01:37:00,19.00,re-rotura,False,2026-10-02 01:52:00,,,,
18564,2026-10-02 01:51:00,2026-10-02,298,30850.24,techo,rota,False,cierre mas alla de +5 con cuerpo 5.75,2026-10-02 01:52:00,1,11.51,11.51,11.51,1,False,['dom1'],['QQQ744'],,,,,,,,,,,,
18622,2026-10-02 02:49:00,2026-10-02,296,30891.71,techo,sostenido,False,giro de 15 pts,2026-10-02 02:51:00,2,1.79,1.79,1.79,0,False,['dom0'],['QQQ745'],23.21,25.00,23.21,2026-10-02 02:55:00,6.00,re-rotura,False,2026-10-02 03:02:00,,,,
18632,2026-10-02 02:59:00,2026-10-02,296,30891.71,techo,rota,False,3 cierres seguidos mas alla,2026-10-02 03:02:00,3,8.29,8.29,8.29,3,False,['dom0'],['QQQ745'],,,,,,,,,,,,
18639,2026-10-02 03:06:00,2026-10-02,296,30891.71,piso,rota,False,cierre mas alla de +5 con cuerpo 7.00,2026-10-02 03:08:00,2,12.71,12.71,12.71,2,False,['dom0'],['QQQ745'],,,,,,,,,,,,
18658,2026-10-02 03:25:00,2026-10-02,296,30891.71,techo,sostenido,False,giro de 15 pts,2026-10-02 03:27:00,2,-1.71,-1.71,1.71,0,False,['dom0'],['QQQ745'],29.71,29.71,29.71,2026-10-02 03:49:00,24.00,re-rotura,False,2026-10-02 04:01:00,,,,
18693,2026-10-02 04:00:00,2026-10-02,296,30891.71,techo,rota,False,cierre mas alla de +5 con cuerpo 13.00,2026-10-02 04:01:00,1,11.54,11.54,11.54,1,False,['dom0'],['QQQ745'],,,,,,,,,,,,
18708,2026-10-02 04:15:00,2026-10-02,296,30891.71,piso,sostenido,False,giro de 15 pts,2026-10-02 04:25:00,10,1.46,1.46,1.46,0,False,['dom0'],['QQQ745'],15.54,17.00,15.54,2026-10-02 04:25:00,10.00,re-rotura,False,2026-10-02 04:46:00,30933.17,41.47,False,
18725,2026-10-02 04:32:00,2026-10-02,296,30891.71,piso,rota,False,cierre mas alla de +5 con cuerpo 8.50,2026-10-02 04:46:00,14,8.46,8.46,8.46,5,False,['dom0'],['QQQ745'],,,,,,,,,,,,
18754,2026-10-02 05:01:00,2026-10-02,299,30933.17,techo,sostenido,False,giro de 15 pts,2026-10-02 05:03:00,2,2.83,2.83,2.83,0,True,['dom1'],['QQQ746'],92.67,95.50,92.67,2026-10-02 06:48:00,107.00,re-rotura,False,2026-10-02 07:50:00,30891.71,41.47,True,2026-10-02 05:25:00
18778,2026-10-02 05:25:00,2026-10-02,296,30891.71,piso,rota,False,cierre mas alla de +5 con cuerpo 6.25,2026-10-02 05:27:00,2,6.71,6.71,6.71,1,False,['dom0'],['QQQ745'],,,,,,,,,,,,
18786,2026-10-02 05:33:00,2026-10-02,296,30891.71,techo,sostenido,False,giro de 15 pts,2026-10-02 05:39:00,6,1.54,1.54,1.54,0,False,['dom0'],['QQQ745'],27.21,28.75,17.71,2026-10-02 05:47:00,14.00,re-rotura,False,2026-10-02 06:08:00,,,,
18796,2026-10-02 05:43:00,2026-10-02,296,30891.71,techo,sostenido,False,giro de 15 pts,2026-10-02 05:45:00,2,3.04,3.04,3.04,0,True,['dom0'],['QQQ745'],27.21,30.25,27.21,2026-10-02 05:47:00,4.00,re-rotura,False,2026-10-02 06:08:00,,,,
18818,2026-10-02 06:05:00,2026-10-02,296,30891.71,techo,rota,False,cierre mas alla de +5 con cuerpo 8.00,2026-10-02 06:08:00,3,12.04,12.04,12.04,2,False,['dom0'],['QQQ745'],,,,,,,,,,,,
18859,2026-10-02 06:46:00,2026-10-02,300,30850.24,piso,rota,False,cierre mas alla de +5 con cuerpo 9.50,2026-10-02 06:48:00,2,9.74,9.74,9.74,1,False,['dom1'],['QQQ744'],,,,,,,,,,,,
18878,2026-10-02 07:05:00,2026-10-02,296,30891.71,techo,rota,False,cierre mas alla de +5 con cuerpo 4.75,2026-10-02 07:08:00,3,13.29,13.29,13.29,3,False,['dom0'],['QQQ745'],,,,,,,,,,,,
18887,2026-10-02 07:14:00,2026-10-02,299,30933.17,techo,sostenido,False,giro de 15 pts,2026-10-02 07:16:00,2,4.83,4.83,4.83,0,True,['dom1'],['QQQ746'],59.17,64.00,59.17,2026-10-02 07:28:00,14.00,re-rotura,False,2026-10-02 07:50:00,30891.71,41.47,True,2026-10-02 07:20:00
18893,2026-10-02 07:20:00,2026-10-02,296,30891.71,piso,sostenido,False,giro de 15 pts,2026-10-02 07:20:00,0,-0.29,-0.29,0.29,0,False,['dom0'],['QQQ745'],18.29,18.29,16.29,2026-10-02 07:21:00,1.00,re-rotura,False,2026-10-02 07:27:00,30933.17,41.47,False,
18903,2026-10-02 07:30:00,2026-10-02,296,30891.71,techo,sostenido,False,giro de 15 pts,2026-10-02 07:31:00,1,-1.46,-1.46,1.46,0,False,['dom0'],['QQQ745'],16.46,16.46,16.46,2026-10-02 07:31:00,1.00,re-rotura,False,2026-10-02 07:35:00,,,,
18906,2026-10-02 07:33:00,2026-10-02,296,30891.71,techo,rota,False,cierre mas alla de +5 con cuerpo 8.25,2026-10-02 07:35:00,2,17.79,17.79,17.79,3,False,['dom0'],['QQQ745'],,,,,,,,,,,,
18922,2026-10-02 07:49:00,2026-10-02,299,30933.17,techo,rota,False,cierre mas alla de +5 con cuerpo 12.00,2026-10-02 07:50:00,1,16.33,16.33,16.33,2,False,['dom1'],['QQQ746'],,,,,,,,,,,,
18930,2026-10-02 07:57:00,2026-10-02,301,30974.64,techo,rota,False,cierre mas alla de +5 con cuerpo 19.50,2026-10-02 07:57:00,0,13.11,13.11,13.11,1,False,"['dom0', 'dom1']",['QQQ747'],,,,,,,,,,,,
18935,2026-10-02 08:02:00,2026-10-02,301,30974.64,techo,rota,False,cierre mas alla de +5 con cuerpo 9.75,2026-10-02 08:06:00,4,12.36,12.36,12.36,4,False,"['dom0', 'dom1']",['QQQ747'],,,,,,,,,,,,
18953,2026-10-02 08:20:00,2026-10-02,301,30974.64,piso,sostenido,False,giro de 15 pts,2026-10-02 08:21:00,1,-1.61,-1.61,1.61,0,False,"['dom0', 'dom1']",['QQQ747'],61.11,61.11,61.11,2026-10-02 09:49:00,89.00,re-rotura,False,2026-10-02 10:12:00,,,,
19737,2026-10-04 22:36:00,2026-10-05,315,31165.98,techo,sostenido,False,giro de 15 pts,2026-10-04 23:01:00,25,4.02,4.02,4.02,0,True,['dom1'],['QQQ752'],45.98,50.00,24.23,2026-10-04 23:50:00,74.00,re-rotura,False,2026-10-05 00:10:00,,,,
19779,2026-10-04 23:18:00,2026-10-05,315,31165.98,techo,sostenido,False,giro de 15 pts,2026-10-04 23:23:00,5,3.02,3.02,3.02,2,True,['dom1'],['QQQ752'],45.98,49.00,17.98,2026-10-04 23:50:00,32.00,re-rotura,False,2026-10-05 00:10:00,,,,
19791,2026-10-04 23:30:00,2026-10-05,315,31165.98,techo,sostenido,False,giro de 15 pts,2026-10-04 23:35:00,5,-1.73,-1.73,1.73,0,False,['dom1'],['QQQ752'],45.98,45.98,45.98,2026-10-04 23:50:00,20.00,re-rotura,False,2026-10-05 00:10:00,,,,
19826,2026-10-05 00:05:00,2026-10-05,315,31165.98,techo,sostenido,False,giro de 15 pts,2026-10-05 00:06:00,1,-0.23,-0.23,0.23,0,False,['dom1'],['QQQ752'],18.23,18.23,18.23,2026-10-05 00:06:00,1.00,re-rotura,False,2026-10-05 00:10:00,,,,
19829,2026-10-05 00:08:00,2026-10-05,315,31165.98,techo,rota,False,cierre mas alla de +5 con cuerpo 12.50,2026-10-05 00:10:00,2,14.02,14.02,14.02,2,False,['dom1'],['QQQ752'],,,,,,,,,,,,
19833,2026-10-05 00:12:00,2026-10-05,315,31165.98,piso,rota,False,3 cierres seguidos mas alla,2026-10-05 00:14:00,2,10.48,10.48,10.48,3,False,['dom1'],['QQQ752'],,,,,,,,,,,,
19839,2026-10-05 00:18:00,2026-10-05,315,31165.98,piso,sostenido,False,giro de 15 pts,2026-10-05 00:19:00,1,1.48,1.48,1.48,0,False,['dom1'],['QQQ752'],23.02,24.50,23.02,2026-10-05 00:20:00,2.00,re-rotura,False,2026-10-05 00:25:00,31207.43,41.44,False,
19846,2026-10-05 00:25:00,2026-10-05,315,31165.98,piso,rota,False,cierre mas alla de +5 con cuerpo 20.75,2026-10-05 00:25:00,0,10.98,10.98,10.98,1,False,['dom1'],['QQQ752'],,,,,,,,,,,,
19855,2026-10-05 00:34:00,2026-10-05,315,31165.98,techo,rota,False,cierre mas alla de +5 con cuerpo 8.50,2026-10-05 00:36:00,2,6.02,6.02,6.02,1,False,['dom1'],['QQQ752'],,,,,,,,,,,,
19860,2026-10-05 00:39:00,2026-10-05,315,31165.98,piso,sostenido,False,giro de 15 pts,2026-10-05 00:43:00,4,-0.02,-0.02,0.02,0,False,['dom1'],['QQQ752'],58.02,58.02,58.02,2026-10-05 01:40:00,61.00,re-rotura,False,2026-10-05 02:35:00,31207.43,41.44,True,2026-10-05 01:23:00
19904,2026-10-05 01:23:00,2026-10-05,314,31207.43,techo,rota,False,3 cierres seguidos mas alla,2026-10-05 01:29:00,6,12.57,12.57,12.57,5,False,"['dom0', 'dom1']",['QQQ753'],,,,,,,,,,,,
19924,2026-10-05 01:43:00,2026-10-05,314,31207.43,piso,rota,False,cierre mas alla de +5 con cuerpo 4.50,2026-10-05 01:54:00,11,8.93,8.93,8.93,2,False,"['dom0', 'dom1']",['QQQ753'],,,,,,,,,,,,
19974,2026-10-05 02:33:00,2026-10-05,317,31165.98,piso,rota,False,cierre mas alla de +5 con cuerpo 4.50,2026-10-05 02:35:00,2,16.23,16.23,16.23,3,False,"['dom0', 'dom1']",['QQQ752'],,,,,,,,,,,,
19978,2026-10-05 02:37:00,2026-10-05,317,31165.98,techo,sostenido,False,giro de 15 pts,2026-10-05 02:43:00,6,3.02,3.02,3.02,1,True,"['dom0', 'dom1']",['QQQ752'],145.98,149.00,145.98,2026-10-05 06:35:00,238.00,tope,False,,,,,
21262,2026-10-06 01:01:00,2026-10-06,338,31406.99,techo,sostenido,False,giro de 15 pts,2026-10-06 01:02:00,1,2.26,2.26,2.26,0,True,"['dom0', 'dom1']",['QQQ758'],98.24,100.50,26.99,2026-10-06 02:35:00,94.00,tope,False,,31365.56,41.43,True,2026-10-06 01:18:00
21269,2026-10-06 01:08:00,2026-10-06,338,31406.99,techo,sostenido,False,giro de 15 pts,2026-10-06 01:15:00,7,5.51,5.51,5.51,0,True,"['dom0', 'dom1']",['QQQ758'],98.24,103.75,98.24,2026-10-06 02:35:00,87.00,tope,False,,,,,
21279,2026-10-06 01:18:00,2026-10-06,337,31365.56,piso,rota,False,cierre mas alla de +5 con cuerpo 7.50,2026-10-06 01:19:00,1,15.56,15.56,15.56,1,False,"['dom0', 'dom1']",['QQQ757'],,,,,,,,,,,,
21404,2026-10-06 03:23:00,2026-10-06,337,31365.56,techo,sostenido,False,giro de 15 pts,2026-10-06 03:30:00,7,0.69,0.69,0.69,0,False,"['dom0', 'dom1']",['QQQ757'],38.06,38.75,38.06,2026-10-06 03:30:00,7.00,re-rotura,False,2026-10-06 04:07:00,,,,
21447,2026-10-06 04:06:00,2026-10-06,337,31365.56,techo,rota,False,cierre mas alla de +5 con cuerpo 7.25,2026-10-06 04:07:00,1,5.44,5.44,5.44,1,False,"['dom0', 'dom1']",['QQQ757'],,,,,,,,,,,,
21459,2026-10-06 04:18:00,2026-10-06,337,31365.56,techo,rota,False,3 cierres seguidos mas alla,2026-10-06 04:24:00,6,3.44,3.44,3.44,3,False,"['dom0', 'dom1']",['QQQ757'],,,,,,,,,,,,
21506,2026-10-06 05:05:00,2026-10-06,337,31365.56,techo,sostenido,False,giro de 15 pts,2026-10-06 05:10:00,5,-1.06,-1.06,1.06,0,False,"['dom0', 'dom1']",['QQQ757'],16.56,16.56,16.56,2026-10-06 05:10:00,5.00,re-rotura,False,2026-10-06 05:34:00,,,,
21516,2026-10-06 05:15:00,2026-10-06,337,31365.56,techo,rota,False,3 cierres seguidos mas alla,2026-10-06 05:34:00,19,9.19,9.19,9.19,5,False,"['dom0', 'dom1']",['QQQ757'],,,,,,,,,,,,
21551,2026-10-06 05:50:00,2026-10-06,337,31365.56,techo,rota,False,cierre mas alla de +5 con cuerpo 8.75,2026-10-06 05:54:00,4,9.94,9.94,9.94,2,False,"['dom0', 'dom1']",['QQQ757'],,,,,,,,,,,,
21563,2026-10-06 06:02:00,2026-10-06,337,31365.56,piso,sostenido,False,giro de 15 pts,2026-10-06 06:12:00,10,0.81,0.81,0.81,0,False,"['dom0', 'dom1']",['QQQ757'],33.94,34.75,33.94,2026-10-06 06:46:00,44.00,re-rotura,False,2026-10-06 07:05:00,31406.99,41.43,False,
21624,2026-10-06 07:03:00,2026-10-06,337,31365.56,piso,rota,False,3 cierres seguidos mas alla,2026-10-06 07:05:00,2,5.06,5.06,5.06,3,False,"['dom0', 'dom1']",['QQQ757'],,,,,,,,,,,,
21634,2026-10-06 07:13:00,2026-10-06,337,31365.56,techo,rota,False,cierre mas alla de +5 con cuerpo 10.25,2026-10-06 07:14:00,1,18.44,18.44,18.44,2,False,"['dom0', 'dom1']",['QQQ757'],,,,,,,,,,,,
21643,2026-10-06 07:22:00,2026-10-06,337,31365.56,piso,rota,False,cierre mas alla de +5 con cuerpo 9.25,2026-10-06 07:31:00,9,17.31,17.31,17.31,2,False,"['dom0', 'dom1']",['QQQ757'],,,,,,,,,,,,
21654,2026-10-06 07:33:00,2026-10-06,337,31365.56,techo,rota,False,3 cierres seguidos mas alla,2026-10-06 07:35:00,2,9.69,9.69,9.69,3,False,"['dom0', 'dom1']",['QQQ757'],,,,,,,,,,,,
21673,2026-10-06 07:52:00,2026-10-06,337,31365.56,piso,sostenido,False,giro de 15 pts,2026-10-06 07:59:00,7,-1.94,-1.94,1.94,0,False,"['dom0', 'dom1']",['QQQ757'],170.44,170.44,42.69,2026-10-06 11:26:00,214.00,tope,False,,31406.99,41.43,True,2026-10-06 08:06:00
21687,2026-10-06 08:06:00,2026-10-06,338,31406.99,techo,sostenido,False,giro de 15 pts,2026-10-06 08:08:00,2,1.26,1.26,1.26,0,False,"['dom0', 'dom1']",['QQQ758'],46.24,47.50,46.24,2026-10-06 08:41:00,35.00,re-rotura,False,2026-10-06 09:07:00,31365.56,41.43,True,2026-10-06 08:30:00
22631,2026-10-07 00:50:00,2026-10-07,350,31489.96,piso,rota,False,3 cierres seguidos mas alla,2026-10-07 00:56:00,6,11.96,11.96,11.96,3,False,['dom0'],['QQQ760'],,,,,,,,,,,,
22647,2026-10-07 01:06:00,2026-10-07,350,31489.96,techo,rota,False,3 cierres seguidos mas alla,2026-10-07 01:14:00,8,6.04,6.04,6.04,5,False,['dom0'],['QQQ760'],,,,,,,,,,,,
22656,2026-10-07 01:15:00,2026-10-07,350,31489.96,piso,rota,False,cierre mas alla de +5 con cuerpo 6.25,2026-10-07 01:23:00,8,6.46,6.46,6.46,1,False,['dom0'],['QQQ760'],,,,,,,,,,,,
22667,2026-10-07 01:26:00,2026-10-07,350,31489.96,techo,rota,False,cierre mas alla de +5 con cuerpo 14.50,2026-10-07 01:30:00,4,22.79,22.79,22.79,2,False,['dom0'],['QQQ760'],,,,,,,,,,,,
22685,2026-10-07 01:44:00,2026-10-07,350,31489.96,piso,rota,False,cierre mas alla de +5 con cuerpo 5.75,2026-10-07 01:48:00,4,8.71,8.71,8.71,3,False,['dom0'],['QQQ760'],,,,,,,,,,,,
22691,2026-10-07 01:50:00,2026-10-07,350,31489.96,techo,sostenido,False,giro de 15 pts,2026-10-07 02:00:00,10,1.54,1.54,1.54,0,False,['dom0'],['QQQ760'],59.96,61.50,59.96,2026-10-07 02:23:00,33.00,tope,False,,,,,
22913,2026-10-07 05:32:00,2026-10-07,350,31489.96,techo,sostenido,False,giro de 15 pts,2026-10-07 05:34:00,2,-1.96,-1.96,1.96,0,False,['dom0'],['QQQ760'],143.96,143.96,20.96,2026-10-07 09:21:00,229.00,tope,False,,,,,
22929,2026-10-07 05:48:00,2026-10-07,350,31489.96,techo,sostenido,False,giro de 15 pts,2026-10-07 05:59:00,11,6.04,6.04,6.04,0,True,['dom0'],['QQQ760'],153.71,159.75,153.71,2026-10-07 09:43:00,235.00,tope,False,,,,,
23055,2026-10-07 07:54:00,2026-10-07,355,31407.09,piso,sostenido,False,giro de 15 pts,2026-10-07 07:58:00,4,5.84,5.84,5.84,2,True,['dom1'],['QQQ758'],40.41,46.25,40.41,2026-10-07 08:21:00,27.00,re-rotura,False,2026-10-07 09:03:00,31489.96,82.87,False,
24056,2026-10-08 01:35:00,2026-10-08,370,31442.57,techo,rota,False,3 cierres seguidos mas alla,2026-10-08 01:57:00,22,7.43,7.43,7.43,10,False,"['dom0', 'dom1']",['QQQ759'],,,,,,,,,,,,
24079,2026-10-08 01:58:00,2026-10-08,370,31442.57,piso,rota,False,cierre mas alla de +5 con cuerpo 6.25,2026-10-08 02:01:00,3,6.07,6.07,6.07,2,False,"['dom0', 'dom1']",['QQQ759'],,,,,,,,,,,,
24084,2026-10-08 02:03:00,2026-10-08,370,31442.57,techo,rota,False,cierre mas alla de +5 con cuerpo 11.75,2026-10-08 02:22:00,19,6.93,6.93,6.93,2,False,"['dom0', 'dom1']",['QQQ759'],,,,,,,,,,,,
24105,2026-10-08 02:24:00,2026-10-08,370,31442.57,piso,rota,False,3 cierres seguidos mas alla,2026-10-08 02:29:00,5,4.07,4.07,4.07,3,False,"['dom0', 'dom1']",['QQQ759'],,,,,,,,,,,,
24120,2026-10-08 02:39:00,2026-10-08,370,31442.57,piso,rota,False,cierre mas alla de +5 con cuerpo 9.75,2026-10-08 02:47:00,8,7.07,7.07,7.07,3,False,"['dom0', 'dom1']",['QQQ759'],,,,,,,,,,,,
24352,2026-10-08 06:31:00,2026-10-08,378,31276.87,piso,rota,False,3 cierres seguidos mas alla,2026-10-08 06:36:00,5,8.37,8.37,8.37,3,False,['dom0'],['QQQ755'],,,,,,,,,,,,
24359,2026-10-08 06:38:00,2026-10-08,378,31276.87,techo,sostenido,False,giro de 15 pts,2026-10-08 06:44:00,6,16.13,16.13,16.13,2,True,['dom0'],['QQQ755'],157.37,173.50,80.62,2026-10-08 10:34:00,236.00,tope,False,,31235.44,41.43,True,2026-10-08 07:01:00
24382,2026-10-08 07:01:00,2026-10-08,379,31235.44,piso,rota,False,cierre mas alla de +5 con cuerpo 28.25,2026-10-08 07:03:00,2,31.94,31.94,31.94,3,False,['dom1'],['QQQ754'],,,,,,,,,,,,
24393,2026-10-08 07:12:00,2026-10-08,379,31235.44,techo,sostenido,False,giro de 15 pts,2026-10-08 07:13:00,1,-0.94,-0.94,0.94,0,False,['dom1'],['QQQ754'],22.19,22.19,22.19,2026-10-08 07:15:00,3.00,re-rotura,False,2026-10-08 07:16:00,,,,
24397,2026-10-08 07:16:00,2026-10-08,379,31235.44,techo,rota,False,cierre mas alla de +5 con cuerpo 26.50,2026-10-08 07:16:00,0,8.81,8.81,8.81,1,False,['dom1'],['QQQ754'],,,,,,,,,,,,
24438,2026-10-08 07:57:00,2026-10-08,379,31235.44,piso,rota,False,cierre mas alla de +5 con cuerpo 9.00,2026-10-08 07:58:00,1,7.19,7.19,7.19,1,False,['dom1'],['QQQ754'],,,,,,,,,,,,
24441,2026-10-08 08:00:00,2026-10-08,379,31235.44,techo,sostenido,False,giro de 15 pts,2026-10-08 08:00:00,0,2.06,2.06,2.06,0,True,['dom1'],['QQQ754'],18.44,20.50,18.44,2026-10-08 08:01:00,1.00,re-rotura,False,2026-10-08 08:04:00,,,,
24443,2026-10-08 08:02:00,2026-10-08,379,31235.44,techo,sostenido,False,giro de 15 pts,2026-10-08 08:02:00,0,0.56,0.56,0.56,0,False,['dom1'],['QQQ754'],15.69,16.25,15.69,2026-10-08 08:02:00,0.00,re-rotura,False,2026-10-08 08:04:00,,,,
24459,2026-10-08 08:18:00,2026-10-08,378,31276.87,techo,sostenido,False,giro de 15 pts,2026-10-08 08:22:00,4,9.38,9.38,9.38,1,True,['dom0'],['QQQ755'],157.37,166.75,18.37,2026-10-08 10:34:00,136.00,tope,False,,31235.44,41.43,True,2026-10-08 08:41:00
24466,2026-10-08 08:25:00,2026-10-08,378,31276.87,techo,sostenido,False,giro de 15 pts,2026-10-08 08:31:00,6,18.13,18.13,18.13,2,True,['dom0'],['QQQ755'],157.37,175.50,157.37,2026-10-08 10:34:00,129.00,tope,False,,31235.44,41.43,True,2026-10-08 08:41:00
25376,2026-10-09 00:35:00,2026-10-09,395,31029.17,techo,sostenido,False,giro de 15 pts,2026-10-09 00:39:00,4,-0.17,-0.17,0.17,0,False,['dom1'],['QQQ749'],62.17,62.17,22.92,2026-10-09 01:18:00,43.00,re-rotura,False,2026-10-09 01:41:00,,,,
25385,2026-10-09 00:44:00,2026-10-09,395,31029.17,techo,sostenido,False,giro de 15 pts,2026-10-09 00:51:00,7,4.83,4.83,4.83,1,True,['dom1'],['QQQ749'],62.17,67.00,27.42,2026-10-09 01:18:00,34.00,re-rotura,False,2026-10-09 01:41:00,,,,
25397,2026-10-09 00:56:00,2026-10-09,395,31029.17,techo,sostenido,False,giro de 15 pts,2026-10-09 00:57:00,1,-1.42,-1.42,1.42,0,False,['dom1'],['QQQ749'],62.17,62.17,62.17,2026-10-09 01:18:00,22.00,re-rotura,False,2026-10-09 01:41:00,,,,
25442,2026-10-09 01:41:00,2026-10-09,395,31029.17,techo,rota,False,cierre mas alla de +5 con cuerpo 25.75,2026-10-09 01:41:00,0,10.08,10.08,10.08,1,False,['dom1'],['QQQ749'],,,,,,,,,,,,
25461,2026-10-09 02:00:00,2026-10-09,394,31070.59,techo,rota,False,cierre mas alla de +5 con cuerpo 13.25,2026-10-09 02:02:00,2,15.41,15.41,15.41,3,False,"['dom0', 'dom1']",['QQQ750'],,,,,,,,,,,,
25468,2026-10-09 02:07:00,2026-10-09,394,31070.59,piso,rota,False,cierre mas alla de +5 con cuerpo 15.75,2026-10-09 02:14:00,7,10.84,10.84,10.84,3,False,"['dom0', 'dom1']",['QQQ750'],,,,,,,,,,,,
25479,2026-10-09 02:18:00,2026-10-09,394,31070.59,techo,rota,False,cierre mas alla de +5 con cuerpo 16.25,2026-10-09 02:26:00,8,8.66,8.66,8.66,3,False,"['dom0', 'dom1']",['QQQ750'],,,,,,,,,,,,
25499,2026-10-09 02:38:00,2026-10-09,394,31070.59,piso,rota,False,3 cierres seguidos mas alla,2026-10-09 02:40:00,2,9.84,9.84,9.84,3,False,"['dom0', 'dom1']",['QQQ750'],,,,,,,,,,,,
25512,2026-10-09 02:51:00,2026-10-09,394,31070.59,piso,rota,False,cierre mas alla de +5 con cuerpo 8.50,2026-10-09 03:03:00,12,6.84,6.84,6.84,1,False,"['dom0', 'dom1']",['QQQ750'],,,,,,,,,,,,
25540,2026-10-09 03:19:00,2026-10-09,394,31070.59,techo,rota,False,cierre mas alla de +5 con cuerpo 5.75,2026-10-09 03:21:00,2,13.16,13.16,13.16,2,False,"['dom0', 'dom1']",['QQQ750'],,,,,,,,,,,,
