i,t_llegada,noche,pista,raya,tipo,resultado,censurada,motivo,t_decision,min_a_decision,pinchazo_max,precision,precision_abs,cierres_mas_alla,falso_rompimiento,recorrido,recorrido_desde_punta,recorrido_tramo,t_mfe,min_a_mfe,fin_recorrido,recorrido_censurado,t_rerotura,opuesta,dist_opuesta,llega_opuesta,t_llega_opuesta,nombres,etiquetas
25376,2026-10-09 00:35:00,2026-10-09,395,31029.17,techo,sostenido,False,giro de 15 pts,2026-10-09 00:39:00,4,-0.17,-0.17,0.17,0,False,62.17,62.17,22.92,2026-10-09 01:18:00,43.00,re-rotura,False,2026-10-09 01:41:00,,,,,['dom1'],['QQQ749']
25385,2026-10-09 00:44:00,2026-10-09,395,31029.17,techo,sostenido,False,giro de 15 pts,2026-10-09 00:51:00,7,4.83,4.83,4.83,1,True,62.17,67.00,27.42,2026-10-09 01:18:00,34.00,re-rotura,False,2026-10-09 01:41:00,,,,,['dom1'],['QQQ749']
25397,2026-10-09 00:56:00,2026-10-09,395,31029.17,techo,sostenido,False,giro de 15 pts,2026-10-09 00:57:00,1,-1.42,-1.42,1.42,0,False,62.17,62.17,62.17,2026-10-09 01:18:00,22.00,re-rotura,False,2026-10-09 01:41:00,,,,,['dom1'],['QQQ749']
25442,2026-10-09 01:41:00,2026-10-09,395,31029.17,techo,rota,False,cierre mas alla de +5 con cuerpo 25.75,2026-10-09 01:41:00,0,10.08,10.08,10.08,1,False,,,,,,,,,,,,,['dom1'],['QQQ749']
25461,2026-10-09 02:00:00,2026-10-09,394,31070.59,techo,rota,False,cierre mas alla de +5 con cuerpo 13.25,2026-10-09 02:02:00,2,15.41,15.41,15.41,3,False,,,,,,,,,,,,,"['dom0', 'dom1']",['QQQ750']
25468,2026-10-09 02:07:00,2026-10-09,394,31070.59,piso,rota,False,cierre mas alla de +5 con cuerpo 15.75,2026-10-09 02:14:00,7,10.84,10.84,10.84,3,False,,,,,,,,,,,,,"['dom0', 'dom1']",['QQQ750']
25479,2026-10-09 02:18:00,2026-10-09,394,31070.59,techo,rota,False,cierre mas alla de +5 con cuerpo 16.25,2026-10-09 02:26:00,8,8.66,8.66,8.66,3,False,,,,,,,,,,,,,"['dom0', 'dom1']",['QQQ750']
25499,2026-10-09 02:38:00,2026-10-09,394,31070.59,piso,rota,False,3 cierres seguidos mas alla,2026-10-09 02:40:00,2,9.84,9.84,9.84,3,False,,,,,,,,,,,,,"['dom0', 'dom1']",['QQQ750']
25512,2026-10-09 02:51:00,2026-10-09,394,31070.59,piso,rota,False,cierre mas alla de +5 con cuerpo 8.50,2026-10-09 03:03:00,12,6.84,6.84,6.84,1,False,,,,,,,,,,,,,"['dom0', 'dom1']",['QQQ750']
25540,2026-10-09 03:19:00,2026-10-09,394,31070.59,techo,rota,False,cierre mas alla de +5 con cuerpo 5.75,2026-10-09 03:21:00,2,13.16,13.16,13.16,2,False,,,,,,,,,,,,,"['dom0', 'dom1']",['QQQ750']
