t,t_aprox,tipo,precio,izq,der,cubierto,raya_mas_cercana,noche
2026-10-08 22:00:00,2026-10-08 22:00:00,max,31033.25,20.25,40.00,False,,2026-10-09
2026-10-08 22:03:00,2026-10-08 22:03:00,min,30993.25,40.00,79.25,False,31074.89,2026-10-09
2026-10-08 22:36:00,2026-10-08 22:35:00,max,31072.50,79.25,55.50,False,31074.85,2026-10-09
2026-10-08 23:07:00,2026-10-08 23:06:00,min,31017.00,55.50,21.75,False,31033.41,2026-10-09
2026-10-08 23:10:00,2026-10-08 23:10:00,max,31038.75,21.75,48.75,False,31033.41,2026-10-09
2026-10-08 23:30:00,2026-10-08 23:30:00,min,30990.00,48.75,25.75,False,30909.11,2026-10-09
2026-10-08 23:32:00,2026-10-08 23:32:00,max,31015.75,25.75,47.75,False,31074.85,2026-10-09
2026-10-08 23:51:00,2026-10-08 23:51:00,min,30968.00,47.75,34.75,False,30909.11,2026-10-09
2026-10-09 00:01:00,2026-10-09 00:01:00,max,31002.75,34.75,50.50,False,31074.85,2026-10-09
2026-10-09 00:03:00,2026-10-09 00:03:00,min,30952.25,50.50,40.75,False,30909.11,2026-10-09
2026-10-09 00:08:00,2026-10-09 00:07:00,max,30993.00,40.75,30.50,False,30950.55,2026-10-09
2026-10-09 00:09:00,2026-10-09 00:09:00,min,30962.50,30.50,32.75,False,30909.11,2026-10-09
2026-10-09 00:22:00,2026-10-09 00:21:00,max,30995.25,32.75,30.25,False,31074.85,2026-10-09
2026-10-09 00:26:00,2026-10-09 00:26:00,min,30965.00,30.25,64.00,False,30950.55,2026-10-09
2026-10-09 00:35:00,2026-10-09 00:34:00,max,31029.00,64.00,22.75,False,31034.93,2026-10-09
2026-10-09 00:39:00,2026-10-09 00:39:00,min,31006.25,22.75,27.75,False,31034.93,2026-10-09
2026-10-09 00:45:00,2026-10-09 00:45:00,max,31034.00,27.75,32.25,True,31034.93,2026-10-09
2026-10-09 00:51:00,2026-10-09 00:51:00,min,31001.75,32.25,26.00,False,31034.93,2026-10-09
2026-10-09 00:56:00,2026-10-09 00:56:00,max,31027.75,26.00,53.25,False,31034.93,2026-10-09
2026-10-09 01:12:00,2026-10-09 01:01:00,min,30974.50,53.25,20.50,False,30910.63,2026-10-09
2026-10-09 01:15:00,2026-10-09 01:15:00,max,30995.00,20.50,28.00,False,31076.37,2026-10-09
2026-10-09 01:18:00,2026-10-09 01:17:00,min,30967.00,28.00,49.75,False,30910.63,2026-10-09
2026-10-09 01:27:00,2026-10-09 01:27:00,max,31016.75,49.75,35.50,False,31076.37,2026-10-09
2026-10-09 01:32:00,2026-10-09 01:32:00,min,30981.25,35.50,105.50,False,30910.63,2026-10-09
2026-10-09 02:03:00,2026-10-09 02:02:00,max,31086.75,105.50,40.75,False,31076.37,2026-10-09
2026-10-09 02:16:00,2026-10-09 02:15:00,min,31046.00,40.75,43.25,False,31034.93,2026-10-09
2026-10-09 02:28:00,2026-10-09 02:28:00,max,31089.25,43.25,28.50,False,31076.37,2026-10-09
2026-10-09 02:39:00,2026-10-09 02:39:00,min,31060.75,28.50,23.25,False,31076.37,2026-10-09
2026-10-09 03:01:00,2026-10-09 02:45:00,max,31084.00,23.25,44.00,False,31076.37,2026-10-09
2026-10-09 03:11:00,2026-10-09 03:11:00,min,31040.00,44.00,43.75,False,31034.93,2026-10-09
