noche,pct_sost_estricto,sost_estricto,base_estricto,llegadas,techos,pisos,censuradas,base,sostenidos,rotas,indefinidas,falsos_romp,pct_sost,exactos,prec_med_abs,prec_med,recorrido_medio,recorrido_mediano,recorrido_tramo_medio,con_opuesta,llega_opuesta,strikes,niveles,pct_sost_muy_tolerante,sost_muy_tolerante,base_muy_tolerante,giros,giros_cubiertos
2026-09-14,26.00,13,50,46,23,23,0,46,15,31,0,7,32.61,8,1.76,1.03,54.35,22.26,41.68,7,2,3,3,46.34,19,41,91,3
2026-09-15,33.33,12,36,36,19,17,0,36,17,19,0,8,47.22,9,1.89,1.39,62.43,39.82,60.68,9,7,4,10,57.58,19,33,71,6
2026-09-16,18.75,3,16,16,10,6,0,16,7,9,0,4,43.75,3,5.22,5.22,88.97,64.53,48.94,3,3,2,7,46.67,7,15,64,3
2026-09-17,28.57,8,28,28,12,16,0,28,12,16,0,4,42.86,8,1.18,0.39,63.32,30.82,51.40,11,4,5,9,48.00,12,25,66,2
2026-09-18,32.14,9,28,27,16,11,0,27,12,15,0,9,44.44,3,2.86,2.86,71.33,56.20,57.10,7,3,5,12,44.44,12,27,47,1
2026-09-21,43.75,14,32,29,12,17,0,29,16,13,0,6,55.17,10,1.81,1.26,51.92,45.51,39.68,5,1,4,12,71.43,15,21,60,3
2026-09-22,35.29,6,17,14,9,5,0,14,7,6,1,4,50.00,3,2.38,2.38,74.33,86.87,40.19,3,0,3,3,50.00,7,14,86,2
2026-09-23,100.00,1,1,1,1,0,0,1,1,0,0,0,100.00,1,0.57,0.57,96.68,96.68,96.68,0,0,1,1,100.00,1,1,41,1
2026-09-25,27.66,13,47,44,19,25,0,44,16,28,0,8,36.36,9,1.73,1.58,52.66,25.07,34.55,8,3,4,16,47.22,17,36,74,2
2026-09-28,30.77,12,39,37,19,18,0,37,23,14,0,13,62.16,10,4.06,4.06,55.47,30.06,41.41,13,5,3,10,75.00,27,36,147,4
2026-09-29,31.11,14,45,44,22,22,0,44,23,21,0,13,52.27,10,3.02,3.02,55.47,30.48,52.18,11,2,5,12,56.10,23,41,96,3
2026-09-30,21.74,5,23,22,11,11,0,22,11,11,0,8,50.00,3,4.70,4.70,88.71,32.42,87.19,5,1,3,8,59.09,13,22,93,0
2026-10-01,40.00,20,50,50,25,25,0,50,27,23,0,10,54.00,17,1.51,0.14,125.46,36.11,87.58,9,3,5,16,54.35,25,46,133,5
2026-10-02,32.73,18,55,51,28,23,0,51,25,26,0,13,49.02,12,2.04,2.04,47.03,35.44,37.90,7,4,7,18,52.17,24,46,117,7
2026-10-05,25.93,7,27,24,12,12,0,24,8,16,0,3,33.33,5,1.93,-0.34,71.59,52.00,62.81,3,1,4,8,38.10,8,21,102,3
2026-10-06,42.86,18,42,40,25,15,0,40,22,18,0,8,55.00,14,1.43,-0.10,43.68,38.38,36.25,13,5,4,9,60.53,23,38,61,7
2026-10-07,23.81,5,21,18,6,12,0,18,7,11,0,3,38.89,5,1.58,0.82,43.39,26.18,43.39,5,0,3,6,47.06,8,17,57,2
2026-10-08,35.29,12,34,32,18,14,0,32,17,15,0,6,53.12,11,1.66,0.75,64.91,24.79,42.58,9,4,3,7,51.61,16,31,95,4
